expression,reading,meaning,tags,guid,ความหมาย,jp_sentence,th_sentence
踏む,ふむ,"to step on, to tread on",JLPT JLPT_N4,MD)?c2/f%j,"เหยียบย่ำ, ย่ำ, ก้าวเหยียบ",靴を履いて、外を歩きます。,ใส่รองเท้าแล้วเดินข้างนอก
～区,～く,"~ district, ~ ward, ~ borough",JLPT JLPT_N4,jyNlO!<_rh,"~ เขต ~ วอร์ด ~ บอรอห์, ~ แขวง, ~ อำเภอ, ~ ตำบล",これは新宿区です。,นี่คือเขตชินจูกุ
すっと,すっと,"straight, quickly",JLPT JLPT_N4,k|7>>bJ_;p,"ตรงไป เร็ว ๆ, ทันที, พลัน, ฉับพลัน",彼はすっと部屋に入りました。,เขาตรงเข้าไปในห้องทันที
盗む,ぬすむ,to steal; to rob,Genki Genki_Ln.21 JLPT JLPT_N4,yRRr.o{S!G,"ขโมย; ปล้น, ลัก, ฉก, ล้วง",財布を盗まれないように気をつけてください。,โปรดระวังอย่าให้กระเป๋าสตางค์ถูกขโมย
大抵,たいてい,"generally, usually",Genki Genki_Ln.3 JLPT JLPT_N4,F4RWhn9KV7,"โดยทั่วไป โดยปกติ, โดยปรกติ, ส่วนมาก, ส่วนใหญ่",大抵、雨の日はうちにいます。,โดยปกติ วันที่ฝนตก ฉันจะอยู่บ้าน
とうとう,とうとう,"finally, at last",JLPT JLPT_N4,b~a!BAlss],"ในที่สุด ในที่สุด, จนท้ายที่สุด, ในบั้นปลาย, ท้ายที่สุด",とうとう試験に合格しました。,ในที่สุดก็สอบผ่าน
ガソリン,ガソリン,"gasoline, petrol",Genki Genki_Ln.21 JLPT JLPT_N4,DtjnF2f-}S,"น้ำมันเบนซิน, แก๊สโซลีน, น้ำมัน",車にガソリンを入れました。,เติมน้ำมันเบนซินให้รถแล้ว
鳴る,なる,"to sound, to ring (v.i.)",Intermediate_Japanese_Ln.2 JLPT JLPT_N4,N2XM.u#*9T,"ส่งเสียงดัง, ส่งเสียงกังวาน (กริยาไม่ต้องการกรรม), ดังขึ้น, บรรเลง",電話が鳴っています。,โทรศัพท์กำลังดัง
しっかり,しっかり,"firmly, steady",JLPT JLPT_N4,s1@<ogH]|l,"มั่นคง แน่วแน่, หนักแน่น, ไม่สั่นคลอน, อย่างมั่นคง",この椅子はしっかりしています。,เก้าอี้ตัวนี้แข็งแรงดี
生きる,いきる,to live,JLPT JLPT_N4,PsYPR<^eS},"เพื่อที่จะมีชีวิตอยู่, มีชีวิต, ดำรงชีวิต, อาศัยอยู่",人間は楽しく生きるべきです。,มนุษย์ควรมีชีวิตอยู่อย่างมีความสุข
苦い,にがい,bitter,JLPT JLPT_N4,s7onh_qmu>,"ขม, รสขม, เฝื่อน, ฝาด",この薬は苦いです。,ยาตัวนี้ขม
沸く,わく,"to boil, to grow hot",JLPT JLPT_N4,PG:x_[8:n{,"เดือด, ร้อนขึ้น, พลุ่ง, ปะทุ",お湯が沸きました。,น้ำร้อนเดือดแล้ว
意見,いけん,"opinion, view, idea",JLPT JLPT_N4,rm|oi`$1Dg,"ความคิดเห็น มุมมอง แนวคิด, ข้อคิดเห็น, ทัศนคติ, ทัศนะ",あなたの意見を聞かせてください。,ช่วยบอกความเห็นของคุณให้ฉันฟังหน่อย
やはり; やっぱり,やはり; やっぱり,"as I thought, absolutely",JLPT JLPT_N4,uKv@@b~bnv,"อย่างที่ฉันคิดไว้ อย่างแน่นอน, ตามที่คิด, เป็นไปตามคาด, อย่างแท้จริง",やはり、彼は来ませんでした。,อย่างที่คิดไว้ เขาไม่ได้มา
漫画,まんが,"comic (book), cartoon",Genki Genki_Ln.14 JLPT JLPT_N4,l|R^YmR+|c,"การ์ตูน (หนังสือการ์ตูน), การ์ตูน, ภาพยนตร์การ์ตูน, หนังสือการ์ตูน",漫画を読むのが好きです。,ชอบอ่านการ์ตูน
ステレオ,ステレオ,stereo,JLPT JLPT_N4,j)<hxBenH^,"สเตอริโอ, เครื่องเสียงสเตอริโอ, ระบบสเตอริโอ, สเตริโอโฟนิก",新しいステレオを買いました。,ซื้อเครื่องเสียงสเตอริโอใหม่แล้ว
医学,いがく,medical science,JLPT JLPT_N4,j>$AcgpmMe,"วิทยาศาสตร์การแพทย์, เวชศาสตร์, แพทยศาสตร์, การแพทย์",医学の勉強をしています。,กำลังเรียนวิชาแพทย์
テキスト,テキスト,text; text book,JLPT JLPT_N4,tNueVeWq/i,"ข้อความ; หนังสือเรียน, บทเรียน, ตำรา, บทความ",このテキストは難しいです。,ตำราเล่มนี้ยาก
～月,～つき,month,JLPT JLPT_N4,fmd>SOFFek,"เดือน, คาบเวลาหนึ่งเดือน, ตลอดเดือน, รอบเดือน",来月、旅行に行きます。,เดือนหน้าจะไปเที่ยว
折る,おる,"to snap, to break; to bend",JLPT JLPT_N4,yVVu7>5}8_,"หัก, แตก; งอ, พับ, ทำให้หัก",紙を折ってください。,ช่วยพับกระดาษหน่อย
～会,～かい,~ meeting,JLPT JLPT_N4,q`5&BgJq(Y,"~ การประชุม, ~ สภา, ~ เวที, ~ ที่ประชุม",明日の会議に出席します。,จะเข้าร่วมการประชุมพรุ่งนี้
うかがう,うかがう,to ask,JLPT JLPT_N4,i(<6VU5W9O,"เพื่อถาม, สอบถาม, ไต่ถาม, ซักถาม",先生に質問をうかがいました。,ฉันได้ถามคำถามอาจารย์แล้ว
聞こえる,きこえる,"to be heard, to be audible",JLPT JLPT_N4,quf~I<>p>,"เพื่อให้ได้ยิน เพื่อให้ได้ยินได้, ได้ยิน, แว่ว, ลั่น",隣の部屋から音が聞こえます。,ได้ยินเสียงมาจากห้องข้างๆ
僕,ぼく,I (used by men towards those of equal or lower status),Genki Genki_Ln.5 JLPT JLPT_N4,sZrMWgN[D[,"ฉัน (คำที่ผู้ชายใช้เรียกผู้ที่มีสถานะเท่าเทียมหรือต่ำกว่า), ผม, ข้าพเจ้า, เรา",僕も参加したいです。,ผมก็อยากจะเข้าร่วมด้วย
必ず,かならず,"surely, certainly",Intermediate_Japanese_Ln.8 JLPT JLPT_N4,t=>{J>bIy^,"แน่นอน อย่างแน่นอน, ชัวร์, ไม่ต้องสงสัย, อย่างแท้จริง",明日は必ず晴れます。,พรุ่งนี้อากาศจะต้องแจ่มใสแน่นอน
壊す,こわす,"to break, to break down",JLPT JLPT_N4,d^9}5OH`;*,"แตกหัก, ทำให้พัง, พังทลาย, ทำลาย",このコップを壊さないでください。,อย่าทำแก้วนี้แตก
怒る,おこる,to get angry; to scold angrily,Genki Genki_Ln.19 JLPT JLPT_N4,Ib^RmCfT#f,"โกรธ; ดุด่าอย่างโกรธเคือง, โมโห, ฉุนเฉียว, บันดาลโทสะ",弟が宿題をしなかったので、怒りました。,น้องชายไม่ได้ทำการบ้าน ฉันเลยโกรธ
床屋,とこや,barber's (shop),Genki Genki_Ln.10 Intermediate_Japanese_Ln.6 JLPT JLPT_N4,t^jDr`iefA,"ร้านตัดผม, ร้านทำผม, ร้านบาร์เบอร์, ซาลอน",床屋で髪を切りました。,ตัดผมที่ร้านตัดผม
オートバイ,オートバイ,motorcycle (lit: auto-bi(ke)),JLPT JLPT_N4,Pt[L]fX^FJ,"รถจักรยานยนต์ (แปลตรงตัว: ออโต้ไบค์), มอเตอร์ไซค์, จักรยานยนต์, มอไซค์",オートバイが速いです。,รถจักรยานยนต์คันนี้เร็ว
運動,うんどうする,exercise,JLPT JLPT_N4,#ERROR!,"ออกกำลังกาย, กายบริหาร, ฝึกร่างกาย, บริหารร่างกาย",毎日運動しています。,ออกกำลังกายทุกวัน
止む,やむ,"to cease, to stop",JLPT JLPT_N4,i[hf?*~a)V,"หยุด, ยุติ, ระงับ, เลิก",雨が止みました。,ฝนหยุดแล้ว
もし,もし,if,JLPT JLPT_N4,oLI2n{GVOs,"ถ้า, หาก, แม้ว่า, สมมติว่า",もし時間があれば、来てください。,ถ้ามีเวลา ช่วยมาหน่อย
表,おもて,surface; front; outside,JLPT JLPT_N4,qP[jTS0$-o,"พื้นผิว; ด้านหน้า; ด้านนอก, ผิวหน้า, ส่วนหน้า, ภายนอก",箱の表に絵が描いてあります。,มีรูปวาดอยู่ด้านหน้ากล่อง
大学生,だいがくせい,"college student, university student",Genki Genki_Ln.1 Genki_Ln.8 JLPT JLPT_N4,cCEA>;7p%n,"นักศึกษาวิทยาลัย, นักศึกษามหาวิทยาลัย, นักเรียนมหาวิทยาลัย, นักศึกษา",彼は大学生です。,เขาเป็นนักศึกษามหาวิทยาลัย
運転手,うんてんしゅ,driver (by occupation),Intermediate_Japanese_Ln.6 JLPT JLPT_N4,c=1Zd>L>/{,"คนขับรถ (ตามอาชีพ), พนักงานขับรถ, สารถี, โชเฟอร์",運転手さんが待っています。,คนขับรถกำลังรออยู่
予習,よしゅう,preparation of lessons (for class),Genki Genki_Ln.22 Intermediate_Japanese_Ln.5 JLPT JLPT_N4,A$348:bL<R,"การเตรียมบทเรียน (สำหรับชั้นเรียน), เตรียมเรียน, เตรียมพร้อมเรียน, จัดเตรียมบทเรียน",授業の予習をします。,เตรียมบทเรียนสำหรับคาบเรียน
心配,しんぱいする,"worry, concern",JLPT JLPT_N4,reB^;ntMm;,"ความกังวล ความห่วงใย, เป็นห่วง, วิตกกังวล, ความวิตก",風邪をひかないか心配です。,เป็นห่วงว่าจะไม่สบาย
別,べつ,"distinction, different",JLPT JLPT_N4,pvVM*k}K*D,"ความแตกต่าง, ต่างออกไป, ความแตกต่างกัน, แตกต่าง",これは別のお菓子です。,นี่คือขนมอีกชนิดหนึ่ง
非常に,ひじょうに,extremely; very,Intermediate_Japanese_Ln.2 JLPT JLPT_N4,Ih.~ep.W8C,"อย่างมาก; มาก, มากมาย, อย่างยิ่ง, เหลือเกิน",この道は非常に狭いです。,ถนนเส้นนี้แคบมาก
お宅,おたく,(someone else's) house; home -- polite word for 家 (いえ) --,Genki Genki_Ln.13 Intermediate_Japanese_Ln.7 JLPT JLPT_N4,"G:h,g@5k[b","บ้าน (ของคนอื่น) บ้าน -- คำสุภาพ แปลว่า 家 (いえ) --, เคหสถาน, ที่พำนัก, เรือน",お宅はどちらですか。,บ้านของคุณอยู่ที่ไหนครับ/คะ
柔らかい,やわらかい,"soft (in reference to texture), tender",JLPT JLPT_N4,Mb;<89jf/c,"นุ่ม (ในแง่ของเนื้อสัมผัส) อ่อนนุ่ม, ละมุน, นิ่ม, อ่อน",このパンは柔らかいです。,ขนมปังนี้มันนุ่ม
拾う,ひろう,"to pick up (something), to find",Genki Genki_Ln.22 JLPT JLPT_N4,A7mxJIkuGg,"หยิบ (บางสิ่ง) หา, เก็บ, พบ, เจอ",道で 100円を拾いました。,เก็บเงิน 100 เยนได้บนถนน
～ございます,～ございます,"to be (polite), to exist",JLPT JLPT_N4,kMO?quX[B$,"เพื่อเป็น (สุภาพ) เพื่อดำรงอยู่, เป็นอยู่, ดำรงอยู่, มีอยู่",どうぞ、お座りください。,เชิญนั่งครับ/ค่ะ
気,き,"spirit, mood",JLPT JLPT_N4,N`FU2bb#2c,"จิตวิญญาณ อารมณ์, สภาพจิตใจ, ความรู้สึก, พลังใจ",元気を出してください。,สู้ๆ นะ
比べる,くらべる,to compare,JLPT JLPT_N4,OXHWkwV:?8,"เพื่อเปรียบเทียบ, เทียบ, เปรียบ, เปรียบเทียบกัน",この二つの色を比べます。,เปรียบเทียบสีสองสีนี้
ほとんど,ほとんど,"mostly, almost",Intermediate_Japanese_Ln.7 JLPT JLPT_N4,nQ>_aG@b-U,"ส่วนใหญ่ เกือบทั้งหมด, โดยมาก, ส่วนมาก, เกือบจะ",ほとんどの人が賛成しました。,คนส่วนใหญ่เห็นด้วย
つもり,つもり,"intention, plan",JLPT JLPT_N4,fOH84**JB],"ความตั้งใจ แผนการ, เจตนา, จุดประสงค์, โครงการ",明日、友達に会うつもりです。,ตั้งใจว่าจะไปเจอเพื่อนพรุ่งนี้
郊外,こうがい,"suburb, outskirts",JLPT JLPT_N4,m[#TphS~Yp,"ชานเมือง, รอบนอก, เขตชานเมือง, นอกเมือง",郊外に住んでいます。,อาศัยอยู่ที่ชานเมือง
だめ,だめ,"useless, no good, hopeless",JLPT JLPT_N4,F`}=@;2gGr,"ไร้ประโยชน์ ไม่มีค่า สิ้นหวัง, ไร้สมรรถภาพ, ไม่ดี, ไม่มีทาง",それはだめです。,แบบนั้นไม่ได้นะ
売り場,うりば,place where things are sold,JLPT JLPT_N4,g8Zs2)0MYs,"สถานที่ขายสินค้า, แหล่งขาย, จุดขาย, โซนขายของ",この売り場は広いです。,โซนขายของตรงนี้กว้าง
正月,しょうがつ,"New Year, New Year's Day",JLPT JLPT_N4,z?cV&4IRT$,"ปีใหม่ วันปีใหม่, วันขึ้นปีใหม่, ตรุษ, เทศกาลปีใหม่",正月は家族と過ごしました。,ใช้เวลาช่วงปีใหม่กับครอบครัว
規則,きそく,"rule, regulation",JLPT JLPT_N4,"fX,<9qoCbI","กฎ ระเบียบ, ข้อบังคับ, กฎเกณฑ์, หลักเกณฑ์",規則を守ってください。,กรุณารักษากฎ
うん,うん,"yes (informal), all right (ok)",Genki Genki_Ln.8 JLPT JLPT_N4,AU=4aGU<;g,"ใช่ (ไม่เป็นทางการ), ตกลง (โอเค), ได้, โอเช",うん、いいよ。,อืม ได้สิ
発音,はつおん,pronunciation,JLPT JLPT_N4,ij2OK3T1KH,"การออกเสียง, การเปล่งเสียง, สำเนียง, เสียงพูด",この単語の発音は難しいです。,การออกเสียงคำศัพท์นี้ยาก
焼く,やく,"to bake, to grill",Genki Genki_Ln.21 JLPT JLPT_N4,ze5y7QDk;*,"อบ, ย่าง, ปิ้ง, ลน",魚を焼きます。,ย่างปลา
屋上,おくじょう,rooftop,JLPT JLPT_N4,dNyWHH2le2,"ดาดฟ้า, หลังคาตึก, ชานบนสุด, พื้นที่บนหลังคา",屋上で昼ごはんを食べました。,ทานอาหารกลางวันที่ดาดฟ้า
失礼,しつれい,"discourtesy, impoliteness; Excuse me",JLPT JLPT_N4,i}rJ2aUEQY,"ความไม่สุภาพ, การไม่พูดจาสุภาพ; ขอโทษค่ะ/ครับ, ไม่สุภาพ, ขออภัย",遅くなってすみません。失礼しました。,ขอโทษที่มาสายค่ะ/ครับ ขออภัยค่ะ/ครับ
ごみ,ごみ,"trash, garbage",Genki Genki_Ln.16 JLPT JLPT_N4,l0zGWz;u*B,"ขยะ, เศษขยะ, มูลฝอย, สิ่งปฏิกูล",ごみを捨ててください。,กรุณาทิ้งขยะ
アフリカ,アフリカ,Africa,JLPT JLPT_N4,s(eSC66i0(,"แอฟริกา, ทวีปแอฟริกา, ดินแดนแอฟริกา, ภูมิภาคแอฟริกา",アフリカに行ったことがありますか。,เคยไปแอฟริกาไหม
点,てん,"mark, score, grade; point, dot",Intermediate_Japanese_Ln.5 JLPT JLPT_N4,xl]z9.M3ii,"คะแนน, เกรด; จุด, แต้ม, มาร์ก",テストで良い点を取りました。,ได้คะแนนดีในการสอบ
一生懸命,いっしょうけんめい,"very hard (as in ""to work hard""), with utmost effort",Intermediate_Japanese_Ln.5 JLPT JLPT_N4,x}#WG:x<B%,"ยากมาก (เช่น ""ทำงานหนัก"") ด้วยความพยายามอย่างสุดกำลัง, อย่างทุ่มเท, อย่างสุดความสามารถ, อย่างอุตสาหะ",一生懸命勉強しました。,ตั้งใจเรียนอย่างสุดความสามารถ
今度,こんど,"now, this time, near future, one of these days, next time",Genki Genki_Ln.9 JLPT JLPT_N4,"c3M,%sgpuH","ตอนนี้, เวลานี้, อนาคตอันใกล้, สักวันหนึ่ง, ครั้งหน้า",今度、うちに遊びに来てください。,ครั้งหน้า มาเที่ยวบ้านฉันนะ
機会,きかい,"chance, opportunity",JLPT JLPT_N4,QN(r}6a#1P,"โอกาส, จังหวะ, ช่องทาง, โอกาสอันดี",良い機会です。,เป็นโอกาสที่ดี
建てる,たてる,to build,JLPT JLPT_N4,p>?r}3Zl{s,"เพื่อสร้าง, ก่อสร้าง, สรรค์สร้าง, ปลูกสร้าง",新しい家を建てました。,สร้างบ้านใหม่แล้ว
複雑,ふくざつ,"complexity, complication",JLPT JLPT_N4,CH}=lqHM1.,"ความซับซ้อน ความยุ่งยาก, สลับซับซ้อน, ความยุ่งเหยิง, ยากลำบาก",この道は複雑です。,ถนนเส้นนี้ซับซ้อน
彼,かれ,"he, boyfriend",Genki Genki_Ln.12 Intermediate_Japanese_Ln.8 JLPT JLPT_N4,t}ZPEKulM{,"เขา แฟนหนุ่ม, ชายคนนั้น, แฟน, คู่ครอง",彼が来ます。,เขาจะมา
いらっしゃる,いらっしゃる,"-- honorific expression for いく, くる, and いる --",Genki Genki_Ln.19 JLPT JLPT_N4,q4xt(yor`^,"-- สำนวนแสดงความเคารพสำหรับ いく, くru และ いรู --, เรียนเชิญ, โปรดมา",どうぞ、お入りください。,เชิญเข้ามาข้างในได้เลยครับ/ค่ะ
布団,ふとん,futon,JLPT JLPT_N4,o9cl6;pq_D,"ฟูก, ที่นอน, เบาะรองนอน, เครื่องนอน",布団を干します。,ตากฟูก
大事,だいじ,"important, valuable, serious matter",JLPT JLPT_N4,K-;(kx?ed|,"เรื่องสำคัญ มีค่า และจริงจัง, สำคัญยิ่ง, มีความสำคัญ, เรื่องใหญ่",それは大事なことです。,เรื่องนั้นสำคัญมาก
贈り物,おくりもの,a gift; a present,Intermediate_Japanese_Ln.9 JLPT JLPT_N4,ea]7XukKd^,"ของขวัญ; ของกำนัล, ของฝาก, ของชำร่วย, ของที่ระลึก",誕生日プレゼントを贈りました。,มอบของขวัญวันเกิด
泥棒,どろぼう,thief; burglar,Genki Genki_Ln.21 JLPT JLPT_N4,q/[sonb>SP,"ขโมย; ผู้บุกรุก, โจร, ผู้ร้าย, ผู้ลักทรัพย์",泥棒に注意してください。,โปรดระวังขโมย
～製,～せい,made in ~,JLPT JLPT_N4,I|]_Gf;YLD,"ผลิตใน ~, ผลิตจาก ~, สร้างใน ~, ผลงานของ ~",これは日本製です。,นี่คือผลิตภัณฑ์จากญี่ปุ่น
注意,ちゅうい,"caution, attention",JLPT JLPT_N4,tSqn:MggQx,"ความระมัดระวัง ความใส่ใจ, ระมัดระวัง, ใส่ใจ, ความเอาใจใส่",注意して運転してください。,โปรดขับรถด้วยความระมัดระวัง
台風,たいふう,typhoon,Genki Genki_Ln.16 JLPT JLPT_N4,uFiu<};|%T,"ไต้ฝุ่น, พายุไต้ฝุ่น, พายุ, วาตะภัย",台風が来ています。,มีพายุไต้ฝุ่นกำลังมา
日,ひ,"sun, sunshine, day",Genki Genki_Ln.16 JLPT JLPT_N4,Ap$ELNr5>B,"ดวงอาทิตย์ แสงแดด วัน, สุริยะ, ตะวัน, กลางวัน",今日は良い日です。,วันนี้เป็นวันที่ดี
～軒,～けん,counter for houses,JLPT JLPT_N4,"KbFf,NH{5y","เคาน์เตอร์สำหรับบ้าน, ~ หลัง, ~ ครัวเรือน, ~ แห่ง",この町には、たくさんの家があります。,ในเมืองนี้มีบ้านมากมาย
そう,そう,"really, (is that) so; yes, right",JLPT JLPT_N4,wr0#d-auwR,"จริงเหรอ? ใช่ ถูกต้อง, จริงหรือ, จริงๆ, ใช่แล้ว",そうですね。,ใช่ค่ะ/ครับ
通る,とおる,"to pass (by), to go through",JLPT JLPT_N4,z?tZP}u#Ea,"ผ่านไป, ล่วงเลย, เดินผ่าน",この道を通ってください。,กรุณาเดินผ่านถนนเส้นนี้
過ぎる,すぎる,"to exceed, to go beyond",JLPT JLPT_N4,O_}jg<!z1-,"เกินกว่า, ก้าวข้ามไป, เกิน, ล้ำ",時間が過ぎました。,เวลาผ่านไปแล้ว
レポート; リポート,レポート; リポート,report,JLPT JLPT_N4,xai}>:G-4a,"รายงาน, รายงานผล, สรุป, การแจ้ง",レポートを提出しました。,ส่งรายงานแล้ว
葉,は,leaf,JLPT JLPT_N4,xQbxW<V1k4,"ใบไม้, แผ่นใบ, พืชใบ, กลีบใบ",木に葉がたくさんついています。,มีใบไม้งอกบนต้นไม้อยู่มาก
必要,ひつよう,necessary,JLPT JLPT_N4,ty_M]/QA_N,"จำเป็น, สำคัญ, ต้อง, ขาดไม่ได้",水が必要です。,ต้องการน้ำ
課長,かちょう,section manager,Intermediate_Japanese_Ln.7 JLPT JLPT_N4,Q;5M-:Rtr;,"ผู้จัดการแผนก, หัวหน้าแผนก, ผู้บริหารส่วน, หัวหน้าส่วน",課長は忙しいです。,หัวหน้าแผนกยุ่ง
地震,じしん,earthquake,Genki Genki_Ln.15 JLPT JLPT_N4,DGTtnnC4Nd,"แผ่นดินไหว, ธรณีพิโรธ, ไหวสะเทือน, ดินไหว",地震がありました。,มีแผ่นดินไหว
すると,すると,"and, then",JLPT JLPT_N4,Fz>2(<Q3D%,"แล้วก็, จากนั้น, ต่อมา, ครั้นแล้ว",すると、ドアが開きました。,แล้วประตู ก็ เปิดออก
止める,やめる,"to end, to stop",JLPT JLPT_N4,w08D;C[*x`,"เพื่อยุติ เพื่อหยุด, จบ, เลิก, เสร็จสิ้น",仕事を辞めました。,ลาออกจากงานแล้ว
ガラス,ガラス,"glass, pane",JLPT JLPT_N4,Wl!XdU*F<,"กระจกบาน, แก้ว, แผ่นกระจก, กระจกใส",窓がガラスです。,หน้าต่างเป็นกระจก
～学部,～がくぶ,department of a university,JLPT JLPT_N4,qq2at6CGnZ,"ภาควิชาของมหาวิทยาลัย, คณะวิชา, สาขาวิชา, แผนกวิชา",経済学部で勉強しています。,กำลังเรียนที่คณะเศรษฐศาสตร์
厳しい,きびしい,hard; rigorous; strict,Genki Genki_Ln.13 Intermediate_Japanese_Ln.5 JLPT JLPT_N4,pjG^I!L.;w,"ยาก; เข้มงวด; เคร่งครัด, แข็งขัน, ตึง, หนักหน่วง",この試験は非常に厳しいです。,การสอบนี้ยากมาก
エスカレーター,エスカレーター,escalator,JLPT JLPT_N4,y6e9BNnN(6,"บันไดเลื่อน, บันไดเลื่อนไฟฟ้า, บันไดอัตโนมัติ, บันไดเคลื่อน",エスカレーターで上に上がります。,ขึ้นไปข้างบนด้วยบันไดเลื่อน
人口,じんこう,population,Intermediate_Japanese_Ln.4 JLPT JLPT_N4,h:04.`><%U,"ประชากร, พลเมือง, ราษฎร, ผู้คน",この国の人口は多いです。,ประชากรของประเทศนี้มาก
月,つき,moon,Genki Genki_Ln.20 JLPT JLPT_N4,g.!8Tz-L0l,"ดวงจันทร์, จันทรา, พระจันทร์, ศศิธร",月がきれいですね。,พระจันทร์สวยจังเลยนะ
絹,きぬ,silk,JLPT JLPT_N4,tNV0})jEsh,"ผ้าไหม, ไหม, เส้นไหม, ใยไหม",この服は絹でできています。,เสื้อตัวนี้ทำจากผ้าไหม
ちっとも,ちっとも,not at all (neg. verb),JLPT JLPT_N4,p(lsw|$R1V,"ไม่เลย (กริยาปฏิเสธ), ไม่แม้แต่น้อย, ไม่นิดเลย, ไม่เลยสักนิด",ちっとも分かりません。,ไม่เข้าใจเลยสักนิด
深い,ふかい,"deep, profound",JLPT JLPT_N4,N%G$/Va72i,"ลึกซึ้ง ลึกซึ้งมาก, ลึก, กินใจ, สุดซึ้ง",この川は深いです。,แม่น้ำสายนี้ลึก
壊れる,こわれる,"to be broken, to break",JLPT JLPT_N4,PH#eB=.[|i,"แตกหัก, ทำให้แตก, เสียหาย, ชำรุด",車が壊れました。,รถเสียแล้ว
揺れる,ゆれる,"to shake, to sway",JLPT JLPT_N4,CJT@S-rGcq,"สั่นไหว โยกไปมา, ไหว, สั่น, คลอน",地震で家が揺れました。,บ้านสั่นไหวจากแผ่นดินไหว
落る,おちる,"to fall, to drop",JLPT JLPT_N4,QEWE{hX5.8,"ตก, หล่น, ร่วง, ตกลงมา",ペンが落ちました。,ปากกาหล่น
できるだけ,できるだけ,"if at all possible, as much as possible",JLPT JLPT_N4,z|27hHgqS.,"ถ้าเป็นไปได้ ให้มากที่สุดเท่าที่จะทำได้, เท่าที่จะเป็นไปได้, ให้มากที่สุด, สุดความสามารถ",できるだけ早く来てください。,กรุณามาให้เร็วที่สุดเท่าที่จะทำได้
悲しい,かなしい,"sad, sorrowful",Genki Genki_Ln.13 JLPT JLPT_N4,P[6ROxur[z,"เศร้าโศก, โศกเศร้า, เสียใจ, หม่นหมอง",悲しいニュースを聞きました。,ได้ยินข่าวเศร้า
中学校,ちゅうがっこう,junior high school pupil,JLPT JLPT_N4,o@F6a}&sDT,"นักเรียนมัธยมต้น, นักเรียน ม.ต้น, เด็กมัธยมต้น, ลูกศิษย์ ม.ต้น",中学校で働いています。,ทำงานที่โรงเรียนมัธยมต้น
ガス,ガス,gas,JLPT JLPT_N4,J0vS6#XFQP,"แก๊ส, ก๊าซ, ไอระเหย, สารก๊าซ",ガスコンロを使います。,ใช้เตาแก๊ส
祈る,いのる,to pray; to wish,JLPT JLPT_N4,gOVf)x5I|I,"เพื่ออธิษฐาน; เพื่อปรารถนา, ภาวนา, ขอพร, อธิษฐานขอ",幸せを祈ります。,ขอพรให้มีความสุข
盛ん,さかん,"prosperous, active, thriving",JLPT JLPT_N4,iN0&Vv}z1G,"มั่งคั่ง กระตือรือร้น เจริญรุ่งเรือง, รุ่งเรือง, เฟื่องฟู, คึกคัก",この町は経済が盛んです。,เศรษฐกิจของเมืองนี้คึกคัก
アルバイト,アルバイト,part-time job,Genki Genki_Ln.4 JLPT JLPT_N4,uhbB_H_zmK,"งานพาร์ทไทม์, งานนอกเวลา, งานเสริม, งานชั่วคราว",アルバイトを探しています。,กำลังหางานพาร์ทไทม์
起こす,おこす,to wake (someone) up,Genki Genki_Ln.16 JLPT JLPT_N4,e)?&!q93%0,"ปลุก (ใครบางคน) ให้ตื่น, ทำให้ตื่น, ปลุกให้ลุก, เรียกให้ตื่น",子供を起こします。,ปลุกเด็ก
致す,いたす,-- extra-modest expression for する --,Genki Genki_Ln.20 JLPT JLPT_N4,s{uMBFr}QR,"-- สำนวนที่ถ่อมตัวเป็นพิเศษสำหรับ sururu --, กระทำ, ปฏิบัติ, ดำเนินการ",ご迷惑をおかけいたします。,ขออภัยที่ก่อให้เกิดความเดือดร้อน
噛む,かむ,"to bite, to chew",JLPT JLPT_N4,E0N_YXN>-x,"กัด, เคี้ยว, ขบ, แทะ",リンゴを噛みます。,กัดแอปเปิ้ล
赤ちゃん,あかちゃん,"baby, infant",Genki Genki_Ln.21 JLPT JLPT_N4,s09]7w9[]D,"ทารก, เด็กทารก, ลูกอ่อน, เด็กเล็ก",赤ちゃんが笑っています。,ทารกกำลังหัวเราะ
浅い,あさい,"shallow, superficial",JLPT JLPT_N4,Bq97rav-&k,"ตื้นเขิน ผิวเผิน, ตื้น, ไม่ลึก, เผินๆ",この池は浅いです。,บ่อปลาแห่งนี้ตื้น
嘘,うそ,lie,JLPT JLPT_N4,dDVZZUX$0%,"โกหก, เท็จ, คำเท็จ, ปด",嘘をつかないでください。,อย่าโกหก
小説,しょうせつ,novel,Genki Genki_Ln.20 JLPT JLPT_N4,k;Wm8^zP:1,"นิยาย, นวนิยาย, เรื่องแต่ง, บันเทิงคดี",小説を読みます。,อ่านนิยาย
親,おや,a parent,Genki Genki_Ln.16 Intermediate_Japanese_Ln.6 JLPT JLPT_N4,EM~YxWr$Fw,"ผู้ปกครอง, บิดามารดา, พ่อแม่, ผู้ดูแล",親に感謝しています。,ขอบคุณพ่อแม่
それに,それに,moreover; besides,Intermediate_Japanese_Ln.2 JLPT JLPT_N4,q*Vh;RO@9L,"นอกจากนี้; ยิ่งไปกว่านั้น, อีกทั้ง, ยิ่งกว่านั้น, แถมยัง",この服はきれいです。それに、やすいです。,เสื้อตัวนี้สวยค่ะ และยังราคาถูกด้วย
西洋,せいよう,"the West, Western countries",JLPT JLPT_N4,CYHizo6/]:,"ตะวันตก ประเทศตะวันตก, โลกตะวันตก, ฝั่งตะวันตก, ประเทศโลกตะวันตก",西洋の文化に興味があります。,สนใจวัฒนธรรมตะวันตก
思う,おもう,"to think, to feel",Genki Genki_Ln.8 JLPT JLPT_N4,bu>M]5SnGX,"คิด รู้สึก, นึก, เห็นว่า, รู้สึกว่า",そう思います。,ฉันก็คิดอย่างนั้น
パート (タイム),パート (タイム),part time (esp. female part time employees),JLPT JLPT_N4,v_m4?zP2.9,"งานพาร์ทไทม์ (โดยเฉพาะพนักงานหญิงที่ทำงานพาร์ทไทม์), งานนอกเวลา, งานเสริม, งานชั่วคราว",パートで働いています。,ทำงานพาร์ทไทม์
時代,じだい,"age, period, epoch, era",JLPT JLPT_N4,L?Q&>175XG,"ยุคสมัย, ช่วง, สมัย, ยุค",昔の時代について勉強します。,เรียนเกี่ยวกับยุคสมัยเก่า
申し上げる,もうしあげる,"(humble)to say, to tell",JLPT JLPT_N4,GF+@f2CV$T,"(ถ่อมตน)ที่จะพูด, ที่จะบอก, กราบเรียน, ทูล",先生に申し上げます。,จะเรียนบอกอาจารย์
～式,～しき,~ ceremony; ~ style,JLPT JLPT_N4,"r&5Ybsff,l","~ พิธีการ; ~ รูปแบบ, ~ แบบ, ~ อย่าง, ~ วิธี",結婚式は来月です。,งานแต่งงานมีเดือนหน้า
出席,しゅっせきする,attendance,JLPT JLPT_N4,veUCYD:#[?,"การเข้าร่วม, ร่วมประชุม, เข้างาน, มาปรากฏตัว",会議に出席します。,เข้าร่วมการประชุม
～家,～か,person who is specialized in ~,JLPT JLPT_N4,jmL@^X(3xD,"บุคคลที่มีความเชี่ยวชาญในด้าน ~, ~ ผู้เชี่ยวชาญ, ~ ผู้ชำนาญ, ~ ผู้ทรงคุณวุฒิ",彼は医者です。,เขาเป็นหมอ
迎える,むかえる,to welcome; to meet; to greet,JLPT JLPT_N4,c)r?fC@d`X,"ต้อนรับ; พบปะ; ทักทาย, รับรอง, เจอ, พบ",友達を駅に迎えに行きます。,ไปรับเพื่อนที่สถานีรถไฟ
触る,さわる,"to touch, to feel",JLPT JLPT_N4,EE}]!?vk-o,"สัมผัส, รู้สึก, แตะ, จับต้อง",猫に触らないでください。,อย่าจับแมว
建て,～だて,"~ storied, separate housing",JLPT JLPT_N4,O;BgWj4xcP,"~ บ้านสองชั้นแยกเป็นสัดส่วน, ~ ชั้น, ~ รูปแบบ, ~ โครงสร้าง",これは三階建ての家です。,นี่คือบ้านสามชั้น
社長,しゃちょう,president of a company,Genki Genki_Ln.11 JLPT JLPT_N4,esu`;_q%~},"ประธานบริษัท, ผู้บริหารสูงสุด, ซีอีโอ, กรรมการผู้จัดการ",社長は会社にいません。,ประธานบริษัทไม่อยู่ที่บริษัท
動物園,どうぶつえん,zoo,JLPT JLPT_N4,LA>0An]TpD,"สวนสัตว์, สวนสัตว์ป่า, สวนสัตว์เปิด, สถานที่เลี้ยงสัตว์",動物園で象を見ました。,เห็นช้างที่สวนสัตว์
捕まえる,つかまえる,"to catch, to arrest",JLPT JLPT_N4,"dxA,$K8Jjo","จับ, จับกุม, คุมตัว, คว้า",犯人を捕まえました。,จับกุมคนร้ายได้แล้ว
季節,きせつ,season (in reference to weather),Genki Genki_Ln.10 Intermediate_Japanese_Ln.9 JLPT JLPT_N4,"H-HO2,.Mf&","ฤดูกาล (ในความหมายของสภาพอากาศ), ช่วงฤดู, หน้า, ฤดู",秋は涼しい季節です。,ฤดูใบไม้ร่วงเป็นฤดูที่อากาศเย็นสบาย
寄る,よる,to stop by,Genki Genki_Ln.19 Intermediate_Japanese_Ln.3 JLPT JLPT_N4,wowQrA=!@I,"แวะมา, แวะเยี่ยม, ผ่านมา, มาเยี่ยม",仕事の帰りに、コンビニに寄りました。,แวะร้านสะดวกซื้อระหว่างทางกลับจากทำงาน
決まる,きまる,to be set; fixed (v.i.),Intermediate_Japanese_Ln.2 JLPT JLPT_N4,ftU/w6Rm9),"ตั้งไว้; ตรึงไว้ (กริยาไม่ต้องการกรรม), กำหนดไว้, ตัดสินใจแล้ว, แน่นอนแล้ว",場所が決まりました。,สถานที่ถูกกำหนดแล้ว
開く,ひらく,to open; to hold (an event),JLPT JLPT_N4,EqW3}ML(%4,"เปิด; จัดงาน (กิจกรรม), จัด, เริ่ม, เปิดทำการ",パーティーを開きます。,จัดงานปาร์ตี้
逃げる,にげる,"to escape, to run away",JLPT JLPT_N4,olt^H[(k%k,"เพื่อหลบหนี เพื่อวิ่งหนี, หนี, เผ่น, หลบ",犬が猫から逃げました。,สุนัขหนีจากแมว
だから,だから,so; therefore,Genki Genki_Ln.4 JLPT JLPT_N4,"l,%/>C{Y}S","ดังนั้น; ด้วยเหตุนี้, ฉะนั้น, เพราะฉะนั้น, ด้วยเหตุฉะนี้",雨が降っています。だから、傘を持っていきます。,ฝนกำลังตก ดังนั้น จะเอาร่มไปด้วย
残念,ざんねん,regret; regrettable,Intermediate_Japanese_Ln.7 JLPT JLPT_N4,u8P;}KnN>M,"เสียใจ; น่าเสียใจ, น่าเสียดาย, เสียดาย, ผิดหวัง",残念ですが、行けません。,น่าเสียดายที่ฉันไปไม่ได้
畳,たたみ,tatami mat (Japanese straw mat),JLPT JLPT_N4,K6&+!%&]%g,"เสื่อทาทามิ (เสื่อสานจากฟางของญี่ปุ่น), เสื่อญี่ปุ่น, เสื่อฟาง, ที่ปูเสื่อ",畳の部屋があります。,มีห้องปูเสื่อทาทามิ
丁寧,ていねい,"polite, courteous, careful",JLPT JLPT_N4,y#[3yo1.4|,"สุภาพ มีมารยาท รอบคอบ, นอบน้อม, มีมารยาทดี, ระมัดระวัง",丁寧な言葉を使います。,ใช้คำพูดที่สุภาพ
地理,ちり,geography,JLPT JLPT_N4,L>P&NZL8Ln,"ภูมิศาสตร์, ภูมิประเทศ, วิชาภูมิศาสตร์, สภาพภูมิประเทศ",地理の勉強をしています。,กำลังเรียนวิชาภูมิศาสตร์
さっき,さっき,a little while ago,Genki Genki_Ln.4 JLPT JLPT_N4,K6.[:IAM|.,"เมื่อไม่นานมานี้, เมื่อครู่, ก่อนหน้านี้ไม่นาน, ไม่นานมานี้",さっき、電話がありました。,เมื่อครู่มีโทรศัพท์เข้ามา
怖い,こわい,"scary, frightening",Genki Genki_Ln.5 JLPT JLPT_N4,oO+f.U&hT(,"น่ากลัว น่าหวาดเสียว, หวาดกลัว, สยองขวัญ, น่าสะพรึงกลัว",暗い場所は怖いです。,สถานที่มืดๆ น่ากลัว
包む,つつむ,"to wrap, to cover",Genki Genki_Ln.21 JLPT JLPT_N4,j.kjH)CP:g,"ห่อหุ้ม, คลุม, ห่อ",プレゼントを箱に包みます。,ห่อของขวัญลงในกล่อง
なるべく,なるべく,"if possible, as much as possible",Intermediate_Japanese_Ln.3 JLPT JLPT_N4,N|K[$y_r^[,"ถ้าเป็นไปได้ ให้มากที่สุดเท่าที่จะทำได้, เท่าที่ทำได้, มากที่สุดเท่าที่จะทำได้, สุดความสามารถ",なるべく早く寝てください。,กรุณาเข้านอนให้เร็วที่สุดเท่าที่จะทำได้
無理,むり,"unreasonable, impossible",JLPT JLPT_N4,i]oOmAHlg9,"ไม่สมเหตุสมผล เป็นไปไม่ได้, เกินไป, ทำไม่ได้, ไม่มีทาง",それは無理です。,นั่นเป็นไปไม่ได้
サンドイッチ,サンドイッチ,sandwich,JLPT JLPT_N4,"Lah$0,$FHs","แซนด์วิช, แซนวิช, ขนมปังประกบ, ชิ้นแซนวิช",サンドイッチを食べました。,ทานแซนด์วิช
会議室,かいぎしつ,conference room,JLPT JLPT_N4,oxHUFdCY;/,"ห้องประชุม, ห้องประชุมใหญ่, ห้องสัมมนา, ห้องอภิปราย",会議室で会議をします。,ประชุมกันที่ห้องประชุม
品物,しなもの,goods,JLPT JLPT_N4,kiGyZq*rIU,"สินค้า, สิ่งของ, ผลิตภัณฑ์, พัสดุ",この品物は高いです。,สินค้าชิ้นนี้ราคาแพง
人形,にんぎょう,"doll, figure",JLPT JLPT_N4,vPlJ&v75[Q,"ตุ๊กตา, รูปปั้น, หุ่น, รูปแกะสลัก",人形が飾ってあります。,มีตุ๊กตาวางประดับอยู่
利用,りよう,"use, utilization",JLPT JLPT_N4,Rh@8N~e0eQ,"การใช้งาน การใช้ประโยชน์, ใช้สอย, ใช้ประโยชน์, ประยุกต์ใช้",図書館の本を利用します。,ใช้ประโยชน์จากหนังสือในห้องสมุด
飾る,かざる,"to decorate, to adorn",JLPT JLPT_N4,"OaqvYHn98,","เพื่อตกแต่ง เพื่อประดับประดา, ประดับ, ตกแต่ง, เสริมแต่ง",部屋をきれいに飾ります。,ตกแต่งห้องให้สวยงาม
止める,とめる,to stop (something),JLPT JLPT_N4,uL2<QDM;W:,"เพื่อหยุด (บางสิ่ง), ทำให้หยุด, ยับยั้ง, ระงับ",車のエンジンを止めます。,ดับเครื่องยนต์รถ
恥ずかしい,はずかしい,"ashamed, embarrassed",Genki Genki_Ln.18 JLPT JLPT_N4,e$Mth*I+Cg,"อับอาย เขินอาย, ละอาย, ขวยเขิน, อาย",間違えて恥ずかしいです。,อายที่ทำผิด
いくら～ても,いくら～ても,however much one may ~,JLPT JLPT_N4,I]og(vfh}t,"ไม่ว่าจะมากน้อยแค่ไหนก็ตาม ~, ไม่ว่าเท่าไร, แค่ไหนก็, ไม่ว่าอย่างไร",いくら説明しても、彼は理解しません。,ไม่ว่าจะอธิบายเท่าไหร่ เขาก็ไม่เข้าใจ
用事,ようじ,business to take care of; tasks; errands,Genki Genki_Ln.12 JLPT JLPT_N4,p$RznpfpCY,"ธุระที่ต้องจัดการ; งาน; ภารกิจ, กิจธุระ, ภารกิจ, เรื่องต้องทำ",用事があって、遅れました。,มีธุระเลยมาช้า
ビル,ビル,(abbr.) building,JLPT JLPT_N4,H[!Yph0[mz,"(ย่อ) อาคาร, ตึก, สิ่งปลูกสร้าง, อาคารสูง",高いビルが建っています。,มีตึกสูงตั้งอยู่
けんかする,けんかする,quarrel,JLPT JLPT_N4,Oc14`ELpiF,"ทะเลาะ, มีปากเสียง, โต้เถียง, ขัดแย้ง",友達とけんかしました。,ทะเลาะกับเพื่อน
頑張る,がんばる,"to try one's best, to try hard, to persist",Genki Genki_Ln.13 JLPT JLPT_N4,Mz@9d9PizL,"พยายามอย่างเต็มที่ พยายามอย่างหนัก อดทน, ตั้งใจ, มุ่งมั่น, ทุ่มเท",頑張ってください。,พยายามเข้านะ
投げる,なげる,"to pitch, to cast away",Intermediate_Japanese_Ln.7 JLPT JLPT_N4,"A%8%S+mN,O","โยนทิ้ง, ขว้างทิ้ง, ทิ้ง, ขว้าง",石を投げます。,ขว้างก้อนหิน
故障,こしょうする,breakdown,JLPT JLPT_N4,mP~NCidGL7,"พัง, เสีย, ชำรุด, เสียหาย",パソコンが故障しました。,คอมพิวเตอร์เสีย
力,ちから,"strength, power",JLPT JLPT_N4,t<Fy!4ZXqc,"ความแข็งแกร่ง พลัง, แรง, กำลัง, อำนาจ",力があります。,มีพละกำลัง
受ける,うける,"to take (an examination, interview, etc.); to receive",JLPT JLPT_N4,d#N;{6r~iD,"เข้ารับการสอบ (สอบสัมภาษณ์ ฯลฯ) รับ, เข้าสอบ, ได้รับ, รับเอา",試験を受けます。,เข้าสอบ
気分,きぶん,"feeling, mood",JLPT JLPT_N4,GJl$1:;vCi,"ความรู้สึก อารมณ์, จิตใจ, เจตนา, ความรู้สึกนึกคิด",今日は気分がいいです。,วันนี้รู้สึกดี
間違える,まちがえる,to make a mistake,Genki Genki_Ln.21 JLPT JLPT_N4,Q5b~VM7IRc,"ทำผิดพลาด, ทำผิด, ผิดพลาด, พลาดพลั้ง",すみません、間違えました。,ขอโทษครับ ผมทำผิด
そんな,そんな,"such, like that, that sort of",JLPT JLPT_N4,ei/O3MuiLE,"เช่นนั้น คล้ายๆ แบบนั้น, อย่างนั้น, ลักษณะนั้น, แบบนั้น",そんなことはしないでください。,อย่าทำอะไรแบบนั้น
星,ほし,star,JLPT JLPT_N4,h=LT];WutA,"ดาว, ดารา, ดวงดาว, ดาวฤกษ์",夜空に星がきれいです。,ดาวบนท้องฟ้ายามค่ำคืนสวยงาม
場合,ばあい,"case, situation",JLPT JLPT_N4,qV-2<HJ$$5,"กรณี สถานการณ์, เรื่องราว, เหตุการณ์, สภาพการณ์",その場合は、私に言ってください。,ถ้าเป็นกรณีนั้น กรุณาบอกผม
やっと,やっと,"at last, finally",JLPT JLPT_N4,Qf-Nk|9F8D,"ในที่สุด ในที่สุด, ท้ายที่สุด, สุดท้าย, ในบั้นปลาย",やっと宿題が終わりました。,ในที่สุดการบ้านก็เสร็จแล้ว
足りる,たりる,to be sufficient; to be enough,Genki Genki_Ln.17 Intermediate_Japanese_Ln.4 JLPT JLPT_N4,tSHDO2cb1M,"เพียงพอ; มากพอ, พอเพียง, พอแล้ว, พอ",これで十分足りると思います。,ผมคิดว่าแค่นี้ก็เพียงพอแล้ว
行う,おこなう,to carry out; to conduct (typically used in written language),Intermediate_Japanese_Ln.3 JLPT JLPT_N4,kSwpIk>RTo,"ดำเนินการ; ปฏิบัติ (โดยทั่วไปใช้ในภาษาเขียน), กระทำ, ทำ, จัดทำ",会議を行います。,จะมีการประชุม
ぶどう,ぶどう,grapes,JLPT JLPT_N4,qtf+q-Z+n],"องุ่น, ผลองุ่น, ลูกองุ่น, พวงองุ่น",ぶどうが好きです。,ฉันชอบองุ่น
無くなる,なくなる,"to disappear, to get lost",JLPT JLPT_N4,QEFsGzu!|/,"หายไป, หลงทาง, สาบสูญ, สูญหาย",お金が無くなりました。,เงินหายไปแล้ว
準備,じゅんびする,prepare,JLPT JLPT_N4,h&P$N~U6-[,"เตรียมตัว, ตระเตรียม, จัดเตรียม, เตรียมการ",旅行の準備をしています。,กำลังเตรียมตัวสำหรับการเดินทาง
世界,せかい,world,Genki Genki_Ln.10 JLPT JLPT_N4,e<Tae_jQo4,"โลก, ปฐพี, พิภพ, ภพ",世界は広いです。,โลกกว้างใหญ่
住所,じゅうしょ,address; place of residence,JLPT JLPT_N4,fPoS$h^c(u,"ที่อยู่; สถานที่อยู่อาศัย, บ้านเลขที่, ภูมิลำเนา, ถิ่นที่อยู่",住所を教えてください。,กรุณาบอกที่อยู่ของฉัน
再来月,さらいげつ,the month after next,JLPT JLPT_N4,Zux^JW=t?,"เดือนถัดไป, เดือนหลังเดือนหน้า, เดือนถัดจากเดือนหน้า, สองเดือนจากนี้",再来月、友達が来ます。,เพื่อนจะมาเดือนหน้า
林,はやし,"woods, forest",JLPT JLPT_N4,@LWUXw-^>,"ป่าไม้, พงไพร, ป่า, ไพร",林を歩きました。,เดินไปในป่า
倍,ばい,double,JLPT JLPT_N4,k.0mCWDs+|,"สองเท่า, เป็นสองเท่า, เพิ่มเป็นสองเท่า, คูณสอง",去年の倍の値段です。,ราคาเป็นสองเท่าของปีที่แล้ว
痩せる,やせる,to lose weight,Genki Genki_Ln.7 JLPT JLPT_N4,A[Q-]LV0S:,"เพื่อลดน้ำหนัก, ลดความอ้วน, ลดหุ่น, ทำให้ผอมลง",痩せたいです。,ฉันอยากผอม
線,せん,"line, wire",JLPT JLPT_N4,dK0yR1DBK`,"สายไฟ, เส้นลวด, ลวด, สายเคเบิล",線路に落ちないでください。,อย่าตกลงไปในรางรถไฟ
戦争,せんそう,war,JLPT JLPT_N4,l@;Cq/&#91,"สงคราม, การรบ, ศึก, การต่อสู้",戦争は悲しいです。,สงครามเป็นสิ่งที่น่าเศร้า
決める,きめる,to decide (v.t.),Genki Genki_Ln.10 Intermediate_Japanese_Ln.9 JLPT JLPT_N4,p(qb/m`R:b,"ตัดสินใจ (กริยา), ตกลงใจ, ลงความเห็น, ชี้ขาด",明日、何をするか決めます。,จะตัดสินใจว่าจะทำอะไรพรุ่งนี้
調べる,しらべる,to check; to look up; to inquire; to search,JLPT JLPT_N4,Ov6y=mBwgM,"ตรวจสอบ; ค้นหา; สอบถาม; ตรวจค้น, เช็ค, ตรวจดู, สืบค้น",地図を調べます。,จะตรวจสอบแผนที่
寝坊,ねぼう,sleeping in late,JLPT JLPT_N4,B(>pXN{@@q,"นอนตื่นสาย, ตื่นสาย, นอนขี้เซา, ตื่นมาสาย",寝坊して遅刻しました。,ตื่นสายเลยไปสาย
パパ,パパ,"papa, daddy",JLPT JLPT_N4,v.-(XP=XJY,"พ่อ, คุณพ่อ, ปะป๊า, แด๊ดดี้",パパは優しいです。,คุณพ่อใจดี
光る,ひかる,"to shine, to glitter",JLPT JLPT_N4,xp|/7BLK40,"ส่องแสง ระยิบระยับ, เปล่งแสง, เป็นประกาย, แพรวพราว",星が光っています。,ดวงดาวกำลังส่องแสง
夫,おっと,husband,JLPT JLPT_N4,zDF$wWIUs8,"สามี, ผัว, คู่ครอง, สวามี",夫は会社員です。,สามีเป็นพนักงานบริษัท
雲,くも,cloud,JLPT JLPT_N4,"C3Z1{X<H,4","คลาวด์, เมฆ, ก้อนเมฆ, หมู่เมฆ",空に雲がたくさんあります。,มีเมฆบนท้องฟ้าเยอะแยะเลย
坂,さか,"slope, hill",JLPT JLPT_N4,fMGrCf7XcB,"ความลาดชัน, เนินเขา, ทางลาด, ไหล่เขา",坂が急です。,เนินเขาสูงชัน
～(て) しまう,～(て) しまう,to end up ~,JLPT JLPT_N4,us+Z5ns><g,"สุดท้ายแล้ว ~, ลงเอยด้วย, จบลงที่, ในที่สุดก็",全部食べてしまいました。,กินหมดแล้ว
飛行場,ひこうじょう,airport,JLPT JLPT_N4,A2O=3b{hXI,"สนามบิน, ท่าอากาศยาน, ลานบิน, เขตสนามบิน",飛行場は遠いです。,สนามบินอยู่ไกล
柔道,じゅうどう,judo,JLPT JLPT_N4,d[2qz9jnc7,"ยูโด, วิชายูโด, กีฬายูโด, การต่อสู้ยูโด",柔道は強いです。,ยูโดแข็งแรง
決して,けっして,never,JLPT JLPT_N4,Kd9N)Izj!4,"ไม่เคย, ไม่เคยเลย, ไม่เคยมี, ไม่มีทาง",決してあきらめないでください。,อย่าเพิ่งยอมแพ้เด็ดขาด
事務所,じむしょ,office,JLPT JLPT_N4,wxgf%k:fc2,"สำนักงาน, ที่ทำงาน, ออฟฟิศ, หน่วยงาน",事務所はどこですか。,สำนักงานอยู่ที่ไหนครับ
連絡,れんらく,"communication, contact, connection",JLPT JLPT_N4,"v[($g<|S,F","การสื่อสาร การติดต่อ การเชื่อมต่อ, การประสานงาน, การเชื่อมโยง, การพูดคุย",連絡をお待ちしています。,รอการติดต่อจากคุณ
小学校,しょうがっこう,elementary school,Genki Genki_Ln.23 JLPT JLPT_N4,f^*MMB(l>o,"โรงเรียนประถมศึกษา, ประถม, โรงเรียนประถม, ชั้นประถม",小学校に入学しました。,ได้เข้าเรียนชั้นประถมศึกษา
客,きゃく,"guest, customer",Intermediate_Japanese_Ln.2 JLPT JLPT_N4,xF)V^}awc{,"แขก ลูกค้า, ผู้มาเยือน, ผู้ใช้บริการ, ผู้เยี่ยมเยียน",お客さんが来ました。,แขกมาแล้ว
昔,むかし,old days; past,Genki Genki_Ln.21 JLPT JLPT_N4,hUjfJU~9){,"วันเก่าๆ; อดีต, สมัยก่อน, เมื่อก่อน, กาลก่อน",昔、ここに大きな木がありました。,สมัยก่อนมีต้นไม้ใหญ่ที่นี่
美しい,うつくしい,"beautiful, lovely",JLPT JLPT_N4,OB^[>@2T05,"สวยงาม น่ารัก, งดงาม, สวย, น่าชม",美しい花です。,เป็นดอกไม้ที่สวยงาม
捨てる,すてる,"throw away (trash), dump, discard",Genki Genki_Ln.15 JLPT JLPT_N4,G;1IJzl`jC,"ทิ้ง (ขยะ), ทิ้ง, ทิ้งไป, กำจัด",ゴミを捨ててください。,กรุณาทิ้งขยะ
なさる,なさる,-- honorific expression for する --,Genki Genki_Ln.19 JLPT JLPT_N4,zj*av$=2pO,"-- สำนวนแสดงความเคารพสำหรับ sururu --, กระทำ, ปฏิบัติ, ทำการ",先生が本をお読みになりました。,อาจารย์ได้อ่านหนังสือ
事,こと,"thing(s), matter(s), fact",Genki Genki_Ln.21 JLPT JLPT_N4,ca&G<Ve~Nx,"สิ่งต่างๆ, เรื่องต่างๆ, ข้อเท็จจริง, เหตุการณ์",大切な事です。,เป็นเรื่องสำคัญ
どんどん,どんどん,quickly and steadily; at a rapid pace,JLPT JLPT_N4,q0h/etzyxE,"อย่างรวดเร็วและสม่ำเสมอ; ด้วยความเร็ว, รวดเร็ว, อย่างต่อเนื่อง, ไม่หยุดยั้ง",日本語がどんどん上手になります。,ภาษาญี่ปุ่นเก่งขึ้นเรื่อยๆ
試合,しあい,"match, game, competition",Genki Genki_Ln.12 Intermediate_Japanese_Ln.7 JLPT JLPT_N4,Hv/PI<4cqa,"การแข่งขัน, เกม, การประลอง, การประกวด",試合に勝ちました。,ชนะการแข่งขัน
適当,てきとう,"fitness, suitability",JLPT JLPT_N4,HX3el]3jvP,"ความเหมาะสม, ความคู่ควร, ความเข้ากัน, ความพอดี",適当な時間にお越しください。,กรุณามาในเวลาที่เหมาะสม
素晴らしい,すばらしい,wonderful; terrific,Intermediate_Japanese_Ln.4 JLPT JLPT_N4,Mq|7Xt}rKi,"ยอดเยี่ยม; วิเศษมาก, มหัศจรรย์, สุดยอด, ดีเลิศ",素晴らしい景色ですね。,เป็นทิวทัศน์ที่ยอดเยี่ยมเลยนะ
美術館,びじゅつかん,"art gallery, art museum",Genki Genki_Ln.11 JLPT JLPT_N4,Lovq=LkX$G,"หอศิลป์ พิพิธภัณฑ์ศิลปะ, แกลเลอรี่, ห้องแสดงงานศิลปะ, ศูนย์ศิลปะ",美術館に行きたいです。,ฉันอยากไปหอศิลป์
文法,ぶんぽう,grammar,Genki Genki_Ln.13 JLPT JLPT_N4,"h2m8,%coR8","ไวยากรณ์, หลักภาษา, แบบแผนภาษา, ระบบภาษา",文法が難しいです。,ไวยากรณ์ยาก
終わり,おわり,end,JLPT JLPT_N4,j1fvX?gG0M,"จบ, สิ้นสุด, อวสาน, ยุติ",これで終わりです。,แค่นี้ก็จบแล้ว
壁,かべ,wall,JLPT JLPT_N4,um!T&Q*O[?,"กำแพง, ผนัง, รั้ว, ฝา",壁に絵をかけました。,แขวนรูปไว้บนผนัง
一度,いちど,"once, one time",JLPT JLPT_N4,z3&2cN)6^e,"ครั้งหนึ่ง ครั้งหนึ่ง, หนหนึ่ง, คราวหนึ่ง, ทีหนึ่ง",一度だけ見ました。,เคยเห็นครั้งเดียว
お礼,おれい,expression of gratitude; thanking; gift of appreciation; bow,Genki Genki_Ln.19 Intermediate_Japanese_Ln.9 JLPT JLPT_N4,IzFCHK5nu1,"การแสดงความกตัญญู; การขอบคุณ; ของขวัญแสดงความขอบคุณ; การโค้งคำนับ, การกล่าวขอบคุณ, การแสดงความซาบซึ้ง, คำขอบคุณ",お礼にプレゼントをあげました。,ให้ของขวัญเพื่อเป็นการขอบคุณ
親切,しんせつ,kindness,JLPT JLPT_N4,lZWRz?K3ET,"ความเมตตา, ความใจดี, ความกรุณา, ความเอื้อเฟื้อ",親切にしてくれてありがとうございます。,ขอบคุณสำหรับความใจดีของคุณ
知らせる,しらせる,to notify,JLPT JLPT_N4,mORr*vy|g/,"เพื่อแจ้งให้ทราบ, แจ้ง, บอกกล่าว, ประกาศ",明日の天気をお知らせください。,กรุณาแจ้งพยากรณ์อากาศสำหรับวันพรุ่งนี้
歯医者,はいしゃ,dentist,JLPT JLPT_N4,"<G@n,w<8p","ทันตแพทย์, หมอฟัน, ผู้รักษาฟัน, ทันตะ",歯医者に行きます。,จะไปหาหมอฟัน
熱心,ねっしん,enthusiasm,JLPT JLPT_N4,bLrU`I|/*{,"ความกระตือรือร้น, ความมุ่งมั่น, ความสนใจ, ความตื่นเต้น",彼は勉強に熱心です。,เขาตั้งใจเรียนมาก
始める,はじめる,"to start, to begin",Genki Genki_Ln.8 JLPT JLPT_N4,"g,>$G?*/Q&","เพื่อเริ่มต้น เพื่อเริ่ม, เริ่ม, เริ่มต้น, เริ่มแรก",授業を始めます。,จะเริ่มเรียน
もらう,もらう,to receive,JLPT JLPT_N4,MhXS3i[O39,"เพื่อรับ, รับ, ได้รับ, รับเอา",先生から本をもらいました。,ได้รับหนังสือจากอาจารย์
泣く,なく,to cry,Genki Genki_Ln.13 JLPT JLPT_N4,wS:0`lVju$,"ร้องไห้, ร่ำไห้, สะอื้น, น้ำตาไหล",子供が泣いています。,เด็กกำลังร้องไห้
治る,なおる,to get better; to recover from illness (v.i.),JLPT JLPT_N4,J-V8gKft=&,"ดีขึ้น; หายจากอาการป่วย (กริยาไม่ต้องการกรรม), หายป่วย, ทุเลา, ฟื้นตัว",風邪が治りました。,หายจากหวัดแล้ว
熱,ねつ,"fever, temperature",Intermediate_Japanese_Ln.3 JLPT JLPT_N4,D9dKTYQi:O,"ไข้, อุณหภูมิ, ตัวร้อน, ความร้อน",熱があります。,ฉันมีไข้
お祭り,おまつり,festival,JLPT JLPT_N4,n=i-:`LzjX,"งานเทศกาล, เทศกาล, งานฉลอง, งานรื่นเริง",お祭りは楽しいです。,งานเทศกาลสนุกมาก
水道,すいどう,"water service, water line",JLPT JLPT_N4,FV`Tc-%-nK,"บริการน้ำประปา ท่อน้ำ, ระบบน้ำ, สายน้ำ, ประปา",水道の水はきれいです。,น้ำประปาสะอาด
匂い,におい,"odor, smell",JLPT JLPT_N4,P&q^w6d0fO,"กลิ่น, กลิ่นไอ, กลิ่นอาย",いい匂いがします。,มีกลิ่นหอม
ベル,ベル,bell,JLPT JLPT_N4,D!1f]e)iSX,"กระดิ่ง, ระฆัง, กริ่ง, ออด",ベルが鳴りました。,กระดิ่งดังขึ้น
赤ん坊,あかんぼう,baby,JLPT JLPT_N4,I>S)eTr_]B,"ที่รัก, ทารก, เด็กอ่อน, ลูกอ่อน",赤ん坊が笑っています。,ทารกกำลังยิ้ม
おかしい,おかしい,strange; odd; funny,Intermediate_Japanese_Ln.2 JLPT JLPT_N4,O9;m#]XEB2,"แปลก; ประหลาด; ตลก, พิสดาร, ผิดปกติ, ขบขัน",その話は少しおかしいです。,เรื่องนั้นค่อนข้างแปลก
事故,じこ,accident,JLPT JLPT_N4,K(yw!r=B:1,"อุบัติเหตุ, เหตุไม่คาดฝัน, เรื่องไม่คาดคิด, อุบัติภัย",事故で電車が止まりました。,รถไฟหยุดเพราะอุบัติเหตุ
変,へん,"strange, odd",JLPT JLPT_N4,e/SMd06F!x,"แปลก ประหลาด, ผิดปกติ, ไม่ธรรมดา, พิกล",変な人がいます。,มีคนแปลกๆ อยู่
辞典,じてん,"encyclopedia, reference book",JLPT JLPT_N4,brNC9/_sI`,"สารานุกรม, หนังสืออ้างอิง, พจนานุกรม, ตำราอ้างอิง",辞書で調べます。,จะหาในพจนานุกรม
残る,のこる,"to remain (v.i.), to be left",JLPT JLPT_N4,INR^BBo=#J,"คงอยู่ (กริยาไม่ต้องการกรรม) ถูกทิ้งไว้, เหลือ, คงเหลือ, ยังอยู่",お金が残っています。,มีเงินเหลืออยู่
立てる,たてる,"to stand (something) up, to erect (something)",JLPT JLPT_N4,O9fk.~k_.E,"ตั้ง (บางสิ่ง) ขึ้น, ก่อสร้าง (บางสิ่ง) ขึ้น, สร้าง, ปลูกสร้าง",新しい家を立てました。,สร้างบ้านหลังใหม่
くれる,くれる,"to give, to do for",JLPT JLPT_N4,hSC5|:)aVz,"การให้ การทำเพื่อ, ส่งให้, จัดให้, มอบ",友達がプレゼントをくれました。,เพื่อนให้ของขวัญฉัน
～員,～いん,member of ~,JLPT JLPT_N4,QHO%z16SSs,"สมาชิกของ ~, ผู้เป็นสมาชิก, คนใน, องค์ประกอบของ",彼は会社の社員です。,เขาเป็นพนักงานของบริษัท
原因,げんいん,"cause, origin, source",JLPT JLPT_N4,y8<@Y+?o6j,"สาเหตุ, ต้นกำเนิด, แหล่งที่มา, มูลเหตุ",風邪の原因は何ですか。,สาเหตุของหวัดคืออะไร
驚く,おどろく,"to be surprised, to be astonished",Intermediate_Japanese_Ln.8 JLPT JLPT_N4,qBeaklesW+,"รู้สึกประหลาดใจ รู้สึกตกตะลึง, แปลกใจ, ตกใจ, ประหลาดใจ",そのニュースに驚きました。,ฉันตกใจกับข่าวเรื่องนั้น
いただく,頂く,-- extra-modest expression for たべる and のむ; humble expression for もらう --,Genki Genki_Ln.20 JLPT JLPT_N4,J*KGnzk|Z2,"-- สำนวนที่สุภาพเป็นพิเศษสำหรับ たべรู และ のむ; สำนวนถ่อมตัวสำหรับ もらう --, รับประทาน, รับ, ดื่ม",夕食をいただきます。,จะรับประทานอาหารเย็น
祖母,そぼ,grandmother,JLPT JLPT_N4,x!LCLRW]y2,"ยาย, ย่า, คุณยาย, คุณย่า",祖母は元気です。,คุณยายสบายดี
場所,ばしょ,"place, location",Genki Genki_Ln.23 Intermediate_Japanese_Ln.5 JLPT JLPT_N4,qw3.O}/lOC,"สถานที่, ที่ตั้ง, ทำเล, บริเวณ",この場所は静かです。,ที่นี่เงียบสงบ
答,こたえ,"answer, response",JLPT JLPT_N4,xmTYLgV-T_,"คำตอบ, การตอบกลับ, คำเฉลย, ผลตอบรับ",先生の質問に答えます。,จะตอบคำถามของอาจารย์
もちろん,もちろん,"certainly, of course",Genki Genki_Ln.7 Intermediate_Japanese_Ln.5 JLPT JLPT_N4,"m8,NutV2dG","แน่นอน อย่างแน่นอน, ชัวร์, แน่แท้, เป็นแน่",もちろん、行きます。,แน่นอน ฉันจะไป
漬ける,つける,"to soak, to moisten, to pickle",JLPT JLPT_N4,h!i?H{d*F@,"แช่, ทำให้ชุ่มชื้น, ดอง, หมัก",野菜を漬けます。,จะดองผัก
受付,うけつけ,reception(ist) desk,Genki Genki_Ln.22 Intermediate_Japanese_Ln.8 JLPT JLPT_N4,"uraaf1,;7Q","โต๊ะประชาสัมพันธ์, เคาน์เตอร์ต้อนรับ, แผนกต้อนรับ, จุดต้อนรับ",受付で聞きました。,ได้ถามที่เคาน์เตอร์ประชาสัมพันธ์
内,うち,"within, inside",JLPT JLPT_N4,G1H0$T!7Vl,"ภายใน ภายใน, ด้านใน, ข้างใน, ใน",箱の内側はきれいです。,ด้านในกล่องสะอาด
スクリーン,スクリーン,screen,JLPT JLPT_N4,"L/njBN,iH6","หน้าจอ, จอภาพ, จอแสดงผล, แผ่นจอ",スクリーンに映しています。,กำลังฉายบนหน้าจอ
増える,ふえる,"to increase, to multiply",JLPT JLPT_N4,QW.w#0qn}8,"เพิ่มขึ้น, ทวีคูณ, เพิ่มพูน, ขยาย",人口が増えています。,ประชากรเพิ่มขึ้น
または,または,"or, otherwise",JLPT JLPT_N4,J-^^Uw<Tl~,"หรืออย่างอื่น, มิฉะนั้น, ไม่เช่นนั้น, หรือไม่",コーヒーまたは紅茶はいかがですか。,รับกาแฟหรือชาดีครับ
けがする,けがする,"injury (to animate object), hurt",JLPT JLPT_N4,NP:|wpXW(M,"การบาดเจ็บ (ต่อวัตถุที่มีชีวิต), เจ็บ, บาดเจ็บ, ได้รับบาดเจ็บ",転んで怪我をしました。,หกล้มและได้รับบาดเจ็บ
以下,いか,"less than, below",JLPT JLPT_N4,DS5y_+4p`Y,"น้อยกว่า ต่ำกว่า, ไม่เกิน, ลงมา, ต่ำลง",100円以下で買えます。,สามารถซื้อได้ในราคาต่ำกว่า 100 เยน
選ぶ,えらぶ,to choose; to select,Genki Genki_Ln.17 Intermediate_Japanese_Ln.3 JLPT JLPT_N4,Jo*`4U5e.W,"เลือก; คัดเลือก, เลือกสรร, คัดสรร, ตัดสินใจเลือก",好きな色を選んでください。,กรุณาเลือกสีที่ชอบ
～ばかり,～ばかり,"just did ~, only",JLPT JLPT_N4,vbW68h-IIc,"เพิ่งทำเสร็จไปเมื่อกี้เองนะ ~ แค่, เพิ่งจะ, แค่เพียง, เพียงแค่",食べたばかりです。,เพิ่งกินเสร็จ
心,こころ,"heart, mind",JLPT JLPT_N4,Fkhe%Dz2nb,"หัวใจ จิตใจ, ใจ, ดวงใจ, หทัย",心臓がドキドキしています。,หัวใจเต้นแรง
～だす,～だす,to start doing ~,JLPT JLPT_N4,B+=k~owmr!,"เพื่อเริ่มต้นทำ ~, เริ่มต้น, เริ่มลงมือ, เริ่มดำเนินการ",雨が降り出しました。,ฝนเริ่มตก
サラダ,サラダ,salad,JLPT JLPT_N4,J3A=]P#ec<,"สลัด, ยำผัก, สลัดผัก, อาหารสลัด",サラダを食べます。,จะกินสลัด
届ける,とどける,to deliver (v.t.),Intermediate_Japanese_Ln.9 JLPT JLPT_N4,tA&cXA55C=,"ส่งมอบ (กริยา), จัดส่ง, นำส่ง, มอบให้",荷物を届けます。,จะส่งพัสดุ
挨拶,あいさつする,greet(ing),JLPT JLPT_N4,h|NjvFq!b],"การทักทาย), ทักทาย, คำทักทาย, การกล่าวทักทาย",先生に挨拶します。,จะทักทายอาจารย์
景色,けしき,"scenery, landscape",JLPT JLPT_N4,Cd#u9/v:Pu,"ทิวทัศน์ ภูมิประเทศ, วิว, ทัศนียภาพ, ทิวภาพ",きれいな景色ですね。,เป็นทิวทัศน์ที่สวยงามนะ
確か,たしか,"if I remember correctly; certain, definite",Intermediate_Japanese_Ln.4 JLPT JLPT_N4,v&7%T>e{{z,"ถ้าฉันจำไม่ผิด แน่นอน เด็ดขาด, อย่างแน่นอน, ชัดเจน, มั่นใจ",確か、それは本当です。,ถ้าจำไม่ผิด นั่นเป็นเรื่องจริง
ステーキ,ステーキ,steak,JLPT JLPT_N4,K0B$/YQ?Op,"สเต็ก, เนื้อสเต็ก, ชิ้นเนื้อย่าง, สเต็กเนื้อ",ステーキを焼いています。,กำลังย่างสเต็ก
食料品,しょくりょうひん,"foodstuff, groceries",JLPT JLPT_N4,kg/Pg!K6&w,"อาหาร, ของชำ, เครื่องบริโภค, เสบียง",食料品を買いました。,ซื้อของชำ
森,もり,forest,JLPT JLPT_N4,mJkKf?UAUT,"ป่า, พงไพร, ไพรวัน, ป่าไม้",森は広いです。,ป่ากว้างใหญ่
以内,いない,"within, less (no more) than",JLPT JLPT_N4,EyK>c0C[$K,"ภายใน น้อยกว่า (ไม่มากกว่า), ไม่เกินกว่า, ข้างใน, ภายในขอบเขต",１時間以内に来てください。,กรุณามาภายใน 1 ชั่วโมง
予定,よてい,"plans, arrangement, schedule",Genki Genki_Ln.15 Intermediate_Japanese_Ln.15 JLPT JLPT_N4,I$<#IwHCvW,"แผนงาน การจัดเตรียม ตารางเวลา, กำหนดการ, แผนการ, การจัดแจง",予定があります。,มีแผน
オーバー,オーバー,"overcoat; over, exceeding, exaggeration",JLPT JLPT_N4,umd4AX=/RI,"เสื้อโค้ท; เกินกว่า, เกิน, การพูดเกินจริง, เสื้อคลุม",オーバーを着ます。,ใส่เสื้อโค้ท
乾く,かわく,to get dry,JLPT JLPT_N4,s+Ju<mmF]C,"เพื่อให้แห้ง, แห้งสนิท, ทำให้แห้ง, ผึ่งให้แห้ง",洗濯物が乾きました。,ผ้าที่ซักแห้งแล้ว
石,いし,stone,JLPT JLPT_N4,gg2=(OnQKh,"หิน, ก้อนหิน, ศิลา, หินผา",石を拾いました。,เก็บก้อนหิน
思い出す,おもいだす,"to recall, to remember",Intermediate_Japanese_Ln.8 JLPT JLPT_N4,O?8pX)Ooz*,"เพื่อระลึกถึง เพื่อจดจำ, รำลึก, นึกออก, จำได้",昔の友達を思い出しました。,นึกถึงเพื่อนเก่า
踊る,おどる,to dance,Genki Genki_Ln.9 JLPT JLPT_N4,LnHUFv$!`;,"เพื่อเต้นรำ, เต้นรำ, ฟ้อนรำ, เต้น",音楽に合わせて踊ります。,เต้นตามเพลง
細かい,こまかい,"small; fine, minute",JLPT JLPT_N4,PrWma5VeE[,"เล็ก; ละเอียด, จิ๋ว, เล็กน้อย, ละเอียดยิบ",細かいお金がありません。,ไม่มีเงินย่อย
塗る,ぬる,"to paint, to plaster",JLPT JLPT_N4,gb*{+)EK`F,"ทาสี, ฉาบปูน, ระบายสี, ฉาบ",壁にペンキを塗ります。,จะทาสีผนัง
ご主人,ごしゅじん,"(your, her) husband",Genki Genki_Ln.14 JLPT JLPT_N4,"Gb,y/-3SAS","สามี (ของคุณ, ของเธอ), สวามี, ผัว",ご主人はどこですか。,สามีของคุณอยู่ที่ไหนครับ
珍しい,めずらしい,"unusual, rare",Intermediate_Japanese_Ln.4 JLPT JLPT_N4,LG3n^a@XAC,"ผิดปกติ หายาก, ไม่ธรรมดา, ไม่ปกติ, แปลก",珍しい鳥を見ました。,เห็นนกที่หายาก
用,よう,"errand, task, business (to take care of)",Intermediate_Japanese_Ln.9 JLPT JLPT_N4,CvxvGX`|/>,"ธุระ, งาน, ธุระ (ที่ต้องจัดการ), กิจธุระ",急用ができました。,มีธุระด่วน
公務員,こうむいん,"government worker, public servant",JLPT JLPT_N4,p;42%b%y:T,"พนักงานรัฐบาล, ข้าราชการ, เจ้าหน้าที่รัฐ, บุคลากรรัฐ",彼は公務員です。,เขาเป็นข้าราชการ
お嬢さん,おじょうさん,(someone's) daughter (polite),Genki Genki_Ln.22 JLPT JLPT_N4,Ee+d{e?WRj,"ลูกสาวของใครบางคน (อย่างสุภาพ), บุตรี, ธิดา, คุณหนู",お嬢さん、お元気ですか。,คุณหนู สบายดีไหมครับ
用意,ようい,preparation,JLPT JLPT_N4,"PJ%Q,E{$_L","การตระเตรียม, การเตรียมพร้อม, การจัดเตรียม, เตรียมการ",明日の準備をします。,จะเตรียมของสำหรับวันพรุ่งนี้
探す,さがす,"to search, to seek, to look for",Genki Genki_Ln.15 Intermediate_Japanese_Ln.8 JLPT JLPT_N4,h4(YO`o85t,"ค้นหา, แสวงหา, มองหา, สอดส่องหา",鍵を探しています。,กำลังหากุญแจ
形,かたち,shape,JLPT JLPT_N4,f7_i%J0-/Y,"รูปร่าง, ทรวดทรง, สัณฐาน, รูปทรง",この箱の形は面白いです。,รูปทรงของกล่องนี้น่าสนใจ
運転,うんてんする,driving,JLPT JLPT_N4,r!zv#R0ur*,"การขับรถ, ขับขี่, การขับขี่, บังคับรถ",車を運転します。,จะขับรถ
すっかり,すっかり,"all, completely",JLPT JLPT_N4,nV=]]BK.9=,"ทั้งหมด อย่างสมบูรณ์, ทั้งหมดทั้งสิ้น, โดยสิ้นเชิง, ครบถ้วน",すっかり忘れていました。,ลืมไปหมดเลย
アナウンサー,アナウンサー,announcer,JLPT JLPT_N4,oG?shn0:uO,"ผู้ประกาศ, โฆษก, พิธีกร, นักจัดรายการ",アナウンサーがニュースを読んでいます。,ผู้ประกาศกำลังอ่านข่าว
お土産,おみやげ,souvenir,Genki Genki_Ln.4 JLPT JLPT_N4,IKS:}hgF8q,"ของที่ระลึก, ของฝาก, ของขวัญ, ที่ระลึก",お土産を買いました。,ซื้อของฝาก
消しゴム,けしゴム,eraser,JLPT JLPT_N4,"gW^biR[nM,","ยางลบ, แปรงลบกระดาน, ที่ลบ, ยางลบดินสอ",消しゴムで消します。,จะลบด้วยยางลบ
旅館,りょかん,a Japanese inn,Genki Genki_Ln.15 Intermediate_Japanese_Ln.6 JLPT JLPT_N4,Ke`aN1|5T#,"โรงแรมญี่ปุ่น, เรียวกัง, ที่พักแบบญี่ปุ่น, โรงแรมแบบญี่ปุ่น",旅館に泊まります。,จะพักที่เรียวกัง
海岸,かいがん,"coast, seashore",JLPT JLPT_N4,O1]Ne=Q0*.,"ชายฝั่ง, ชายทะเล, ริมทะเล, ชายหาด",海岸を散歩します。,จะเดินเล่นริมชายหาด
寂しい,さびしい,"lonely, lonesome",Genki Genki_Ln.9 JLPT JLPT_N4,pi{)YOFX|t,"เหงา โดดเดี่ยว, อ้างว้าง, เปลี่ยว, เดียวดาย",一人で寂しいです。,เหงาที่อยู่คนเดียว
火,ひ,fire,JLPT JLPT_N4,gjC}:7>!AJ,"ไฟ, เปลวไฟ, เพลิง, อัคคี",火をつけてください。,กรุณาจุดไฟ
育てる,そだてる,to raise (v.t.); to bring up,Genki Genki_Ln.22 JLPT JLPT_N4,r6b~+z#uh_,"ยกขึ้น (กริยา); นำมา, เลี้ยงดู, อบรม, เพาะปลูก",子供を育てるのは大変です。,การเลี้ยงดูลูกเป็นเรื่องยาก
味噌,みそ,"miso, bean paste",JLPT JLPT_N4,FzA7odIzvp,"มิโซะ, เต้าเจี้ยว, ถั่วหมัก, ซุปมิโซะ",味噌汁は美味しいです。,ซุปมิโซะอร่อย
お祝い,おいわい,"congratulation, celebration",Intermediate_Japanese_Ln.7 JLPT JLPT_N4,sQaWTq!hP`,"ขอแสดงความยินดี, การเฉลิมฉลอง, การฉลอง, งานเลี้ยงฉลอง",お祝いのプレゼントをあげました。,ให้ของขวัญเพื่อเป็นการฉลอง
乗り物,のりもの,vehicle,JLPT JLPT_N4,i9[ZI9WM}X,"ยานพาหนะ, พาหนะ, ยานยนต์, รถ",乗り物が好きです。,ฉันชอบยานพาหนะ
案内,あんないする,"information, guidance",JLPT JLPT_N4,DO_nJ<yYaJ,"ข้อมูล คำแนะนำ, ข้อแนะนำ, ชี้แนะ, การนำทาง",駅への案内をお願いします。,กรุณาแนะนำทางไปสถานี
通う,かよう,to go back and forth; to commute,JLPT JLPT_N4,D<g$_r(YBs,"ไปๆ มาๆ; การเดินทางไปกลับ, เดินทางไปกลับ, สัญจร, วนเวียน",学校に通っています。,กำลังไปโรงเรียน
連れる,つれる,"to lead, to take (a person)",JLPT JLPT_N4,J&sg+H>0p_,"นำทาง, พา (บุคคล) ไป, พาไป, จูงไป",友達を連れて行きます。,จะพาเพื่อนไปด้วย
技術,ぎじゅつ,"technique, technology, skill",JLPT JLPT_N4,PCC!&zGiCY,"เทคนิค เทคโนโลยี ทักษะ, ฝีมือ, ความชำนาญ, ความสามารถ",この技術は素晴らしいです。,เทคโนโลยีนี้ยอดเยี่ยมมาก
小鳥,ことり,small bird,JLPT JLPT_N4,G|$muceS&O,"นกตัวเล็ก, ลูกนก, นกจิ๋ว, วิหคตัวเล็ก",小鳥が鳴いています。,นกตัวเล็กกำลังร้อง
下宿,げしゅく,"lodging, boarding house",JLPT JLPT_N4,"bmjB!,8T=p","ที่พัก, บ้านพัก, สถานที่พัก, หอพัก",下宿を探しています。,กำลังหาที่พัก
ジャム,ジャム,jam,JLPT JLPT_N4,D@h7*f7p?d,"แยม, แยมผลไม้, ผลไม้กวน, สเปรด",ジャムをパンにつけます。,ทาแยมบนขนมปัง
招待,しょうたいする,invitation,JLPT JLPT_N4,c$Y~;QF){;,"การเชิญ, คำเชิญ, การเชื้อเชิญ, ชวน",パーティーに招待されました。,ได้รับเชิญไปงานปาร์ตี้
鏡,かがみ,mirror,JLPT JLPT_N4,v%J5x[E:;(,"กระจกเงา, คันฉ่อง, แว่นเงา, กระจก",鏡で顔を見ます。,มองหน้าตัวเองในกระจก
はず,はず,it should be so,JLPT JLPT_N4,Jg5{R&fxyH,"มันควรจะเป็นเช่นนั้น, ควรจะเป็น, คาดว่าจะเป็น, น่าจะเป็น",彼は来るはずです。,เขาควรจะมา
法律,ほうりつ,law,JLPT JLPT_N4,O9|FD5Fq3.,"กฎ, ข้อบังคับ, พระราชบัญญัติ, บทบัญญัติ",法律を守ってください。,กรุณาปฏิบัติตามกฎหมาย
進む,すすむ,"to advance, to proceed",JLPT JLPT_N4,b6Re}g0};8,"เพื่อก้าวหน้า เพื่อดำเนินการต่อ, ก้าวหน้า, ไปข้างหน้า, ดำเนินต่อไป",勉強が進みません。,การเรียนไม่คืบหน้า
楽む,たのしむ,to enjoy,JLPT JLPT_N4,iCe:{Xn-6L,"เพื่อความเพลิดเพลิน, สนุกสนาน, รื่นเริง, พึงพอใจ",友達と楽しみました。,สนุกกับเพื่อน
貿易,ぼうえき,trade,JLPT JLPT_N4,bc9Yp10YbE,"ซื้อขาย, การค้า, การแลกเปลี่ยน, พาณิชย์",貿易が盛んです。,การค้ารุ่งเรือง
反対,はんたい,"oppose, opposition, resistance",JLPT JLPT_N4,KY]P)[osSM,"คัดค้าน, การต่อต้าน, การขัดขวาง, ขัดขวาง",反対意見はありませんか。,มีใครคัดค้านไหมครับ
おる,おる,-- extra-modest expression for いる --,Genki Genki_Ln.20 JLPT JLPT_N4,Adc_Jds{te,"-- สำนวนที่สุภาพเป็นพิเศษสำหรับ いな --, อยู่, มีอยู่, ดำรงอยู่",ここに人がおります。,มีคนอยู่ที่นี่ครับ
申す,もうす,-- extra-modest (humble) expression for 言う (いう) --,Genki Genki_Ln.20 JLPT JLPT_N4,e<WJ-6`NVb,"-- สำนวนที่ถ่อมตัวเป็นพิเศษ (ถ่อมตัว) สำหรับ 言本 (いう) --, พูด, บอก, กราบเรียน",先生に言いました。,ได้บอกอาจารย์
試験,しけん,an exam,Genki Genki_Ln.9 JLPT JLPT_N4,bUCd_5rR^-,"การสอบ, ข้อสอบ, ทดสอบ, สอบ",試験は難しいです。,ข้อสอบยาก
真面目,まじめ,"diligent, serious",JLPT JLPT_N4,xK*F{fx?.z,"ขยันหมั่นเพียร จริงจัง, ตั้งใจ, มุ่งมั่น, พากเพียร",彼は真面目な学生です。,เขาเป็นนักเรียนที่ตั้งใจเรียน
ごらんになる,,-- honorific expression for みる --,Genki Genki_Ln.19 JLPT JLPT_N4,k(j]!OR1gM,"-- สำนวนแสดงความเคารพ みRU --, ดู, ชม, มอง",テレビをご覧になってください。,กรุณารับชมโทรทัศน์
店員,てんいん,clerk; shop-employee,Intermediate_Japanese_Ln.6 JLPT JLPT_N4,GeFU%up;F{,"พนักงานขาย; พนักงานร้านค้า, เสมียน, ผู้ขาย, ลูกจ้างร้าน",店員に聞きます。,จะถามพนักงานร้าน
泊まる,とまる,to stay (over night) (v.i.),JLPT JLPT_N4,IbHq#Ubd>&,"พักค้างคืน (กริยาไม่ต้องการกรรม), ค้างแรม, พักแรม, ค้างคืน",ホテルに泊まります。,จะพักที่โรงแรม
よろしい,よろしい,"(hon.) good, OK, all right",JLPT JLPT_N4,Ah<}g#ysAC,"(เกียรตินิยม) ดี โอเค ตกลง, เป็นที่ยอมรับ, ใช้ได้, เรียบร้อย",それでよろしいです。,แบบนั้นก็ใช้ได้ครับ
今夜,こんや,"this evening, tonight",JLPT JLPT_N4,qWO]e*;%U},"เย็นนี้ คืนนี้, ค่ำนี้, ตอนค่ำ, ยามราตรี",今夜は雨が降るでしょう。,คืนนี้คงจะฝนตก
おつり,おつり,change; balance of money returned to the purchaser,JLPT JLPT_N4,wx#vXTnj!Z,"เงินทอน; ยอดเงินคงเหลือที่คืนให้กับผู้ซื้อ, เงินเหลือ, ส่วนต่าง, เศษเงิน",おつりは300円です。,เงินทอนคือ 300 เยน
チェックする,チェックする,check,JLPT JLPT_N4,o%*Ndg~YHB,"ตรวจสอบ, ตรวจทาน, ตรวจสอบดู, ตรวจเช็ค",予約をチェックします。,จะตรวจสอบการจอง
会話,かいわ,conversation,JLPT JLPT_N4,dD;CvmzQ9b,"การสนทนา, พูดคุย, สนทนา, แลกเปลี่ยนความคิด",会話が上手です。,พูดคุยเก่ง
空気,くうき,"air, atmosphere",Genki Genki_Ln.8 JLPT JLPT_N4,C)1Z!^eB^|,"อากาศ, บรรยากาศ, โอโซน, ลม",空気がきれいです。,อากาศบริสุทธิ์
交通,こうつう,"traffic, transportation",JLPT JLPT_N4,AyJ>}k*DyK,"การจราจร การขนส่ง, การคมนาคม, การเคลื่อนย้าย, การเดินทาง",交通が便利です。,การคมนาคมสะดวก
ワープロ,ワープロ,word processor,JLPT JLPT_N4,!Qc[fI`%{,"โปรแกรมประมวลผลคำ, เครื่องประมวลผลคำ, ซอฟต์แวร์ประมวลคำ, วอร์คโปรเซสเซอร์",ワープロで打っています。,กำลังพิมพ์ด้วยเวิร์ดโปรเซสเซอร์
喜ぶ,よろこぶ,"to rejoice, to be delighted, to be glad",JLPT JLPT_N4,DF7Py?yTD[,"ยินดี, ดีใจ, ปลื้มปิติ, เบิกบานใจ",友達が喜んでいます。,เพื่อนกำลังดีใจ
急行,きゅうこう,express train or bus,Intermediate_Japanese_Ln.7 JLPT JLPT_N4,t]K/5%].:3,"รถไฟด่วนหรือรถบัส, เร่งด่วน, ด่วน, รวดเร็ว",急行は速いです。,รถไฟด่วนวิ่งเร็ว
皆,みな,everyone,JLPT JLPT_N4,r56e/uzKVH,"ทุกคน, ทุกท่าน, ทั้งหมด, บรรดา",皆、元気ですか。,ทุกคน สบายดีไหม
味,あじ,"flavor, taste",JLPT JLPT_N4,B]?q9zUNzO,"รสชาติ, รส, ความอร่อย, เครื่องปรุง",このりんごは甘い味です。,แอปเปิ้ลลูกนี้มีรสหวาน
空港,くうこう,airport,Genki Genki_Ln.20 JLPT JLPT_N4,Qgx/]mMiIj,"สนามบิน, ท่าอากาศยาน, ลานบิน, ที่จอดเครื่องบิน",空港へ行きます。,ไปสนามบิน
手袋,てぶくろ,glove(s),Genki Genki_Ln.10 JLPT JLPT_N4,LM6P1@!I~2,"ถุงมือ), นวม, ถุงสวมมือ, เครื่องสวมมือ",冬は手袋をします。,หน้าหนาวจะใส่ถุงมือ
校長,こうちょう,"principal, headmaster",JLPT JLPT_N4,eI/Ghjq;7/,"ผู้อำนวยการ, ครูใหญ่, อธิการ, ผู้บริหารโรงเรียน",校長先生が話します。,ผู้อำนวยการจะพูด
ごちそう,ごちそう,"feast, treating (someone)",JLPT JLPT_N4,D/ibPniDYT,"งานเลี้ยง, การเลี้ยง (ใครบางคน), อาหารมื้อพิเศษ, ของอร่อย",美味しいごちそうです。,เป็นอาหารอร่อยมาก
踊り,おどり,dance,JLPT JLPT_N4,J=*Z|>n+QR,"เต้นรำ, รำ, ฟ้อนรำ, การเต้น",音楽に合わせて踊ります。,เต้นรำตามเสียงเพลง
興味,きょうみ,interest (in something),JLPT JLPT_N4,DIyl0xA#)2,"ความสนใจ (ในบางสิ่ง), ความกระหายใคร่รู้, สิ่งดึงดูดใจ, เรื่องน่าสนใจ",この本に興味があります。,ฉันสนใจหนังสือเล่มนี้
引っ越す,ひっこす,to move to a new place of residence,JLPT JLPT_N4,EGeSfwOFZ.,"ย้ายไปยังที่อยู่อาศัยใหม่, ย้ายบ้าน, เคลื่อนย้ายที่อยู่, ย้ายถิ่นฐาน",来月、新しい家に引っ越します。,เดือนหน้าจะย้ายไปบ้านใหม่
冷房,れいぼう,"cooling, air conditioning",JLPT JLPT_N4,stZHJs{qvP,"การทำความเย็น, เครื่องปรับอากาศ, ความเย็น, แอร์",部屋を冷房で涼しくします。,ทำให้ห้องเย็นสบายด้วยเครื่องปรับอากาศ
都合,つごう,"circumstances, convenience",JLPT JLPT_N4,b;szYJp1~0,"สถานการณ์ ความสะดวก, ความเหมาะสม, เรื่องราว, ความสะดวกสบาย",都合がいいですか。,สะดวกไหม
遠慮,えんりょする,"restraint, reserve, hesitate",JLPT JLPT_N4,uqPUmCD*1n,"ความยับยั้งชั่งใจ, ความสงวนท่าที, ความลังเล, เกรงใจ",遠慮しないでください。,กรุณาอย่าเกรงใจ
亡くなる,なくなる,to pass away,JLPT JLPT_N4,Iq_q:mI=}n,"เสียชีวิต, ตาย, จากไป, มรณะ",おじいさんが亡くなりました。,คุณปู่เสียชีวิตแล้ว
科学,かがく,science,Genki Genki_Ln.1 JLPT JLPT_N4,gWOi-(wW;M,"ศาสตร์, วิทยาศาสตร์, ความรู้ทางวิทยาศาสตร์, สาขาวิทยาศาสตร์",科学は面白いです。,วิทยาศาสตร์น่าสนใจ
はっきり,はっきり,"clearly, distinctly",JLPT JLPT_N4,soMm6B)m]t,"ชัดเจน เด่นชัด, อย่างแจ่มแจ้ง, ชัดแจ้ง, แน่ชัด",声がはっきり聞こえます。,ได้ยินเสียงชัดเจน
差し上げる,さしあげる,-- humble expression for あげる --,Genki Genki_Ln.20 JLPT JLPT_N4,zkSrvJWm{I,"-- สำนวนถ่อมตัวสำหรับ あげる --, มอบให้, ถวาย, ให้ (อย่างสุภาพ)",先生にプレゼントを差し上げます。,จะมอบของขวัญให้คุณครู
気持ち,きもち,"feeling, sensation, mood",JLPT JLPT_N4,P!ajdoiyb.,"ความรู้สึก, สัมผัส, อารมณ์, จิตใจ",嬉しい気持ちです。,รู้สึกดีใจ
祖父,そふ,grandfather,JLPT JLPT_N4,ytyAfRG*6x,"คุณปู่, พ่อของพ่อ, คุณปู่ทวด, บรรพบุรุษชาย",祖父は元気です。,คุณปู่แข็งแรงดี
港,みなと,"harbor, port",JLPT JLPT_N4,sHl5)cnUcM,"ท่าเรือ, ท่าเทียบเรือ, ท่าจอดเรือ, ท่า",港で船を見ました。,เห็นเรือที่ท่าเรือ
予約,よやく,reservation,Genki Genki_Ln.10 JLPT JLPT_N4,rSce1JPbkI,"การจอง, การสำรอง, การนัดหมาย, การสั่งจอง",レストランを予約しました。,จองร้านอาหารไว้แล้ว
凄い,すごい,"terrific, great",JLPT JLPT_N4,P~)7jIfH{m,"เยี่ยมยอด ยอดเยี่ยม, สุดยอด, น่าทึ่ง, ดีเลิศ",彼の絵は凄いです。,ภาพวาดของเขายอดเยี่ยมมาก
入学,にゅうがくする,entry to school or university,JLPT JLPT_N4,"jo:/>1,9uU","การเข้าเรียนในโรงเรียนหรือมหาวิทยาลัย, การสอบเข้า, การเป็นนักเรียนใหม่, การสมัครเข้าเรียน",来年、大学に入学します。,ปีหน้าจะเข้ามหาวิทยาลัย
片付ける,かたづける,"to (clean) tidy up (v.t.), to put away",JLPT JLPT_N4,Ef_Twp5ERS,"ทำความสะอาด จัดเก็บให้เรียบร้อย (กริยา) เก็บเข้าที่, จัดเก็บ, เก็บกวาด, จัดระเบียบ",部屋を片付けます。,จัดห้องให้เรียบร้อย
写す,うつす,to copy (v.t.); to photograph,JLPT JLPT_N4,x|L%TU)*iv,"คัดลอก (กริยา); ถ่ายภาพ, ลอก, บันทึกภาพ, ทำสำเนา",写真を写します。,ถ่ายรูป
パソコン,パソコン,(personal) computer,JLPT JLPT_N4,tQ#JE!pNrV,"คอมพิวเตอร์ส่วนบุคคล, พีซี, เครื่องคอมพิวเตอร์, คอมพิวเตอร์ตั้งโต๊ะ",パソコンで宿題をします。,ทำการบ้านด้วยคอมพิวเตอร์
部長,ぶちょう,department (division) manager,Genki Genki_Ln.19 Intermediate_Japanese_Ln.15 JLPT JLPT_N4,O:v<m}n3*n,"ผู้จัดการแผนก (ฝ่าย), หัวหน้าแผนก, ผู้อำนวยการฝ่าย, ผู้บริหารฝ่าย",部長は忙しいです。,ผู้จัดการแผนกยุ่งอยู่
火事,かじ,fire,JLPT JLPT_N4,Kll.Pvc/gB,"ไฟ, ไฟไหม้, เพลิงไหม้, อัคคีภัย",火事ですか。,ไฟไหม้เหรอ
足す,たす,to add (numbers),JLPT JLPT_N4,M:pOTP>t7-,"เพื่อบวก (ตัวเลข), รวม, เพิ่ม, นับรวม",その数に１を足してください。,บวก 1 เข้ากับตัวเลขนั้น
教会,きょうかい,church,Intermediate_Japanese_Ln.9 JLPT JLPT_N4,oA&[8r+GKm,"คริสตจักร, โบสถ์, วัดคริสต์, ศาสนสถานคริสต์",教会で結婚式がありました。,มีงานแต่งงานที่โบสถ์
彼ら,かれら,they (usually male),JLPT JLPT_N4,k?K1].&L.0,"พวกเขา (โดยปกติจะเป็นเพศชาย), คนพวกนั้น, บุคคลเหล่านั้น, พวกผู้ชาย",彼らは友達です。,พวกเขาเป็นเพื่อนกัน
一杯,いっぱい,"full, to the utmost",JLPT JLPT_N4,w&/o{@M=$:,"เต็มเปี่ยม ที่สุด, เต็มที่, เต็มแก้ว, จนเต็ม",コップに水がいっぱいあります。,มีน้ำเต็มแก้ว
アメリカ,アメリカ,"America, U.S.A.",Genki Genki_Ln.1 Genki_Ln.2 JLPT JLPT_N4,IVipO?aKE#,"อเมริกา สหรัฐอเมริกา, สหรัฐ, ประเทศสหรัฐอเมริกา, เมกา",アメリカへ行きたいです。,อยากไปอเมริกา
男性,だんせい,man; male,JLPT JLPT_N4,r6Y+#Vxx9S,"ชาย; เพศชาย, ผู้ชาย, บุรุษ, คนเพศชาย",男性が多いです。,มีผู้ชายจำนวนมาก
理由,りゆう,reason,JLPT JLPT_N4,P7}t{e2du#,"เหตุผล, มูลเหตุ, สาเหตุ, ข้ออ้าง",理由を教えてください。,บอกเหตุผลให้ฉันหน่อย
生産,せいさんする,production; to produce,JLPT JLPT_N4,pm+O;C4U:>,"การผลิต; เพื่อผลิต, การสร้าง, การทำ, การก่อกำเนิด",この会社は車を生産します。,บริษัทนี้ผลิตรถยนต์
着物,きもの,kimono; Japanese traditional dress,Genki Genki_Ln.13 JLPT JLPT_N4,"A(ZdyF5k,T","กิโมโน; ชุดประจำชาติญี่ปุ่น, เสื้อผ้าญี่ปุ่น, ชุดญี่ปุ่น, เครื่องแต่งกายญี่ปุ่น",彼女は着物を着ています。,เธอกำลังสวมชุดกิโมโน
おもちゃ,おもちゃ,a toy,Genki Genki_Ln.11 JLPT JLPT_N4,Cf`[JaXL7u,"ของเล่น, เครื่องเล่น, ของเด็กเล่น, ของสนุก",子供がおもちゃで遊んでいます。,เด็กๆ กำลังเล่นของเล่น
暮れる,くれる,"to get dark, to come to an end",JLPT JLPT_N4,i-JL+Sl!mg,"มืดลง สิ้นสุดลง, ค่ำลง, พลบค่ำ, อวสาน",日が暮れます。,พระอาทิตย์ตกดิน
釣る,つる,to fish,JLPT JLPT_N4,"GWJ%g`TG,o","เพื่อตกปลา, หาปลา, จับปลา, ล่อปลา",池で魚を釣りました。,ตกปลาที่บ่อน้ำ
～ちゃん,～ちゃん,suffix for familiar (female) person,JLPT JLPT_N4,r2m3z~%1s],"คำต่อท้ายสำหรับบุคคลที่คุ้นเคย (เพศหญิง), จัง, คำเรียกเด็กหญิง, คำเรียกผู้หญิงสนิท",花ちゃん、かわいいね。,ฮานะจัง น่ารักจังเลย
打つ,うつ,"to hit, to strike",JLPT JLPT_N4,pBs^gx/@>a,"ตี, โจมตี, ฟาด, กระแทก",ボールを打ちます。,ตีลูกบอล
あんな,あんな,"such, like that",JLPT JLPT_N4,K%g**4JE#C,"เช่นนั้น เช่นนั้น, แบบนั้น, อย่างนั้น, ลักษณะนั้น",あんなに大きな犬は初めて見ました。,ไม่เคยเห็นสุนัขตัวใหญ่ขนาดนั้นมาก่อน
謝る,あやまる,to apologize,JLPT JLPT_N4,C%+Y^2-4l[,"เพื่อขอโทษ, ขออภัย, กล่าวขอโทษ, สำนึกผิด",遅れてすみません。謝ります。,ขอโทษที่มาสายครับ/ค่ะ
昼間,ひるま,"daytime, during the day",JLPT JLPT_N4,p3^ge-^eJl,"เวลากลางวัน ในระหว่างวัน, กลางวัน, ช่วงกลางวัน, เวลาทำงาน",昼間は暑いです。,ตอนกลางวันอากาศร้อน
教育,きょういく,education,JLPT JLPT_N4,HW9*4`esHu,"การศึกษา, การอบรม, การเรียนรู้, วิชาการ",教育は大切です。,การศึกษามีความสำคัญ
女性,じょせい,woman,JLPT JLPT_N4,E9gO2XIg*K,"ผู้หญิง, สตรี, เพศหญิง, อิสตรี",女性の先生が多いです。,มีอาจารย์ผู้หญิงเยอะ
米,こめ,uncooked rice,JLPT JLPT_N4,"t,HSQDh#2","ข้าวสาร, ข้าวเปลือก, เม็ดข้าว, ข้าว",ご飯に米を炊きます。,หุงข้าวสำหรับทำอาหาร
邪魔,じゃま,"hindrance, intrusion",JLPT JLPT_N4,c]>yivA`ny,"อุปสรรค, การบุกรุก, สิ่งกีดขวาง, การขัดขวาง",邪魔しないでください。,กรุณาอย่ารบกวน
国際,こくさい,international,JLPT JLPT_N4,f~g3tMo97^,"ระหว่างประเทศ, นานาชาติ, สากล, ทั่วโลก",国際会議が開かれます。,จะมีการประชุมนานาชาติ
隅,すみ,corner,JLPT JLPT_N4,eeOvjZ5zl.,"มุม, ซอก, หัวมุม, ขอบมุม",部屋の隅に箱があります。,มีกล่องอยู่ที่มุมห้อง
伺う,うかがう,"humble form of 行く (いく), 聞く (きく) and 来る (くる)",JLPT JLPT_N4,Lmfy{2F]$A,"รูปแบบเรียบง่ายของ 行く (いく), 聞く (きく) และ 来ル (くrum), เข้าเฝ้า, กราบเรียน",明日、田中さんに伺います。,พรุ่งนี้จะไปพบคุณทานากะ
再来週,さらいしゅう,the week after next,JLPT JLPT_N4,kKHM?VM`7o,"สัปดาห์ถัดไป, สองสัปดาห์ข้างหน้า, อีกสองอาทิตย์, สัปดาห์หน้าถัดไป",再来週、旅行に行きます。,จะไปเที่ยวอีกสองสัปดาห์ข้างหน้า
夢,ゆめ,a dream,Genki Genki_Ln.11 JLPT JLPT_N4,lZn7[}J9+0,"ความฝัน, นิมิต, ฝัน, จินตนาการ",昨夜、面白い夢を見ました。,เมื่อคืนฝันเรื่องตลก
喉,のど,throat,JLPT JLPT_N4,c+C3t7I~.8,"คอ, ลำคอ, ส่วนคอ, โคนคอ",喉が痛いです。,เจ็บคอ
最近,さいきん,"recently, nowadays, in recent years, most recent, latest",Genki Genki_Ln.15 Intermediate_Japanese_Ln.9 JLPT JLPT_N4,e2RD]Myt9A,"เมื่อไม่นานมานี้ ในปัจจุบัน ในช่วงไม่กี่ปีที่ผ่านมา ล่าสุด, ระยะนี้, ทุกวันนี้, ปัจจุบันนี้",最近、忙しいです。,ช่วงนี้ยุ่งมาก
周り,まわり,surroundings,JLPT JLPT_N4,fhT%f*K[Vx,"สภาพแวดล้อม, รอบๆ, บริเวณโดยรอบ, สิ่งแวดล้อม",駅の周りに店がたくさんあります。,มีร้านค้ามากมายรอบสถานี
歴史,れきし,history,Genki Genki_Ln.1 Genki_Ln.2 Intermediate_Japanese_Ln.3 JLPT JLPT_N4,lQ}Sxv&`A!,"ประวัติศาสตร์, เรื่องราวในอดีต, พงศาวดาร, อดีตกาล",日本の歴史を勉強します。,จะเรียนประวัติศาสตร์ญี่ปุ่น
不便,ふべん,inconvenience,JLPT JLPT_N4,C!<M[IO(?_,"ความไม่สะดวก, ความลำบาก, ความยุ่งยาก, การไม่สะดวก",この町は不便です。,เมืองนี้ไม่สะดวก
血,ち,blood,JLPT JLPT_N4,0ihaC]*Q^,"เลือด, โลหิต, สายเลือด, เลือดฝาด",怪我をして血が出ました。,บาดเจ็บจนเลือดออก
～続ける,～つづける,to continue doing ~,JLPT JLPT_N4,JHO_m/Gf)j,"เพื่อดำเนินการต่อไป ~, ทำต่อไป, ทำเรื่อยไป, สานต่อ",勉強し続けます。,จะเรียนต่อไปเรื่อยๆ
毛,け,"hair, fur",JLPT JLPT_N4,gsy(C|!IEU,"ขน, เส้นผม, ขนบนร่างกาย, ขนของสัตว์",猫の毛が服につきました。,ขนแมวติดเสื้อ
ひどい,ひどい,"terrible, awful, unfair, cruel",Genki Genki_Ln.21 Intermediate_Japanese_Ln.4 JLPT JLPT_N4,M6<?LBefmj,"แย่มาก น่ากลัว ไม่ยุติธรรม โหดร้าย, เลวร้าย, ร้ายกาจ, ทารุณ",ひどい雨が降っています。,ฝนตกหนักมาก
例えば,たとえば,"for example, e.g.",Genki Genki_Ln.17 Intermediate_Japanese_Ln.2 JLPT JLPT_N4,n/o*9@bFx6,"ตัวอย่างเช่น เช่น, อาทิ, ดังเช่น, ยกตัวอย่าง",例えば、りんごが好きです。,เช่น ยกตัวอย่างเช่น แอปเปิ้ล
中々,なかなか,"very, considerably, quite",JLPT JLPT_N4,@YWCVJq=),"มาก มากพอสมควร ค่อนข้างมาก, จริงๆ, พอสมควร, อย่างยิ่ง",この映画はなかなか面白いです。,หนังเรื่องนี้ค่อนข้างน่าสนใจ
随分,ずいぶん,extremely,JLPT JLPT_N4,NMl:D%#1zF,"อย่างที่สุด, มากจริงๆ, อย่างมาก, อย่างสุดซึ้ง",彼は随分日本語が上手です。,เขาเก่งภาษาญี่ปุ่นมากทีเดียว
～やすい,～やすい,easy to do ~,JLPT JLPT_N4,exjp1w(~N7,"ทำได้ง่ายๆ ~, ง่ายต่อการทำ, ทำได้ไม่ยาก, สะดวกในการทำ",このボタンは押しやすいです。,ปุ่มนี้กดง่าย
押し入れ,おしいれ,closet,JLPT JLPT_N4,Al&#S)GWr$,"ตู้เสื้อผ้า, ห้องเก็บของ, ตู้บิวท์อิน, ที่เก็บของ",押し入れに布団があります。,มีฟูกนอนอยู่ในตู้เก็บของ
電灯,でんとう,electric light,JLPT JLPT_N4,jodPP9K~W{,"ไฟฟ้า, แสงไฟ, โคมไฟ, หลอดไฟ",電灯をつけてください。,กรุณาเปิดไฟ
叱る,しかる,to scold,JLPT JLPT_N4,LMzmk?%TI!,"ดุด่า, ตำหนิ, ว่ากล่าว, ประณาม",先生が子供を叱ります。,คุณครูดุเด็ก
サンダル,サンダル,sandal,JLPT JLPT_N4,nKx7m0Vnj8,"รองเท้าแตะ, เกี๊ยะ, รองเท้ารัดส้น, รองเท้าเปิดส้น",夏はサンダルを履きます。,หน้าร้อนจะใส่รองเท้าแตะ
びっくりする,びっくりする,to be surprised,Genki Genki_Ln.21 JLPT JLPT_N4,Cr@7!m+n{m,"ที่จะประหลาดใจ, ตกใจ, แปลกใจ, ตื่นตระหนก",突然の音にびっくりしました。,ตกใจกับเสียงที่ดังขึ้นมาทันที
うまい,うまい,delicious; skillful; fortunate,JLPT JLPT_N4,"C`4~Q!,KRn","อร่อย; เก่งกาจ; โชคดี, เลิศรส, ชำนาญ, มีวาสนา",この寿司はうまいです。,ซูชินี้อร่อยมาก
変える,かえる,"to change, to alter, to vary",JLPT JLPT_N4,x+80xLQg^-,"เปลี่ยนแปลง แก้ไข ปรับเปลี่ยน, เปลี่ยน, สับเปลี่ยน, ดัดแปลง",計画を変えます。,เปลี่ยนแผน
講堂,こうどう,auditorium,JLPT JLPT_N4,ktg9A%:iyA,"หอประชุม, ห้องประชุม, โรงเรียน, อาคารเรียนรวม",講堂で卒業式があります。,มีพิธีจบการศึกษาที่หอประชุม
子,こ,child,JLPT JLPT_N4,u.wVLBCC7[,"เด็ก, ลูก, บุตร, เยาวชน",可愛い子ですね。,เป็นเด็กที่น่ารักจัง
沸かす,わかす,to boil,JLPT JLPT_N4,"d,.x::f0>g","ต้ม, เดือด, ทำให้น้ำเดือด, ลวก",お湯を沸かします。,ต้มน้ำให้เดือด
レジ,レジ,register,JLPT JLPT_N4,m?VOxpy?_K,"ลงทะเบียน, เครื่องบันทึกเงิน, แคชเชียร์, จุดชำระเงิน",レジでお金を払います。,จ่ายเงินที่เคาน์เตอร์
しばらく,しばらく,little while,JLPT JLPT_N4,w1JlkP{0C8,"สักพักหนึ่ง, ชั่วครู่, พักใหญ่, ระยะหนึ่ง",しばらくお待ちください。,กรุณารอสักครู่
特に,とくに,particularly,Intermediate_Japanese_Ln.3 JLPT JLPT_N4,Qf=L0@hP&F,"โดยเฉพาะ, โดยเฉพาะอย่างยิ่ง, เป็นพิเศษ, จำเพาะเจาะจง",特に好きな果物は何ですか。,ผลไม้ที่ชอบเป็นพิเศษคืออะไร
空く,あく,"to open, to become empty (vacant)",JLPT JLPT_N4,Cg0$u|Ogik,"เปิดออก, กลายเป็นว่างเปล่า (ว่าง), ว่างลง, เปิดโล่ง",部屋が空きました。,ห้องว่างแล้ว
計画,けいかくする,"plan, project, schedule",JLPT JLPT_N4,s2fE.u9}xk,"วางแผน, โครงการ, กำหนดการ, แผนการ",新しい計画を立てます。,จะวางแผนใหม่
通り,とおり,"~ Street, ~ Avenue",JLPT JLPT_N4,QBI<)8t#SN,"ถนน ~ อเวนิว ~, เส้นทาง, ทางเดิน, ซอย",この通りをまっすぐ行ってください。,กรุณาไปตรงไปตามถนนเส้นนี้
下着,したぎ,underwear,JLPT JLPT_N4,tFl(JKOvJ3,"ชุดชั้นใน, เสื้อใน, กางเกงใน, ชุดใน",下着を洗います。,ซักชุดชั้นใน
経済,けいざい,"economics, finance, economy",JLPT JLPT_N4,rJHgD<t_i_,"เศรษฐศาสตร์ การเงิน เศรษฐกิจ, การคลัง, การค้า, ทรัพย์สิน",経済を勉強します。,จะศึกษาวิชาเศรษฐศาสตร์
こう,こう,"like this, this way",JLPT JLPT_N4,Q%+*%s6}J9,"แบบนี้ ทางนี้, อย่างนี้, ท่านี้, เช่นนี้",こうやって作ります。,ทำแบบนี้
是非,ぜひ,"certainly, by all means; without fail",Genki Genki_Ln.9 Intermediate_Japanese_Ln.15 Intermediate_Japanese_Ln.8 JLPT JLPT_N4,kray(3KD^X,"แน่นอนที่สุด โดยไม่ขาดตกบกพร่อง, อย่างแน่นอน, อย่างยิ่ง, ให้ได้",是非、来てください。,กรุณามาให้ได้นะครับ/นะคะ
裏,うら,"reverse side, back",JLPT JLPT_N4,pQ2heE~587,"ด้านหลัง, ข้างหลัง, หลัง, ส่วนหลัง",山の裏に町があります。,มีเมืองอยู่ด้านหลังภูเขา
為,ため,"good, advantage, in order to",JLPT JLPT_N4,Fly+C7B(R*,"ดี, ข้อได้เปรียบ, เพื่อที่จะ, ประโยชน์",みんなの為に働きます。,จะทำงานเพื่อทุกคน
おいでになる,おいでになる,(hon.) to be,JLPT JLPT_N4,ok-j:Fq]#X,"(เกียรตินิยม) ที่จะ, อยู่ที่, มาที่, ไปที่",先生がおいでになります。,คุณครูมาถึงแล้ว
変わる,かわる,"to change (v.i.), to be transformed, to vary",Intermediate_Japanese_Ln.4 JLPT JLPT_N4,N?)pR_`l)L,"เปลี่ยนแปลง (กริยาไม่ต้องการกรรม) ถูกแปลงสภาพ เปลี่ยนแปลง, ผันแปร, แปรเปลี่ยน, ปรับเปลี่ยน",天気が変わります。,อากาศเปลี่ยนแปลง
以外,いがい,"other than, with the exception of, excepting",Intermediate_Japanese_Ln.3 JLPT JLPT_N4,io5npAJ^ZJ,"นอกเหนือจากนั้น ยกเว้น ยกเว้น, นอกจาก, เว้นแต่, นอกเหนือ",これ以外に何かありますか。,มีอย่างอื่นนอกจากนี้ไหม
済む,すむ,"to finish, to end",JLPT JLPT_N4,eQV4%/qxB),"จบ, สิ้นสุด, เสร็จสิ้น, เสร็จ",これで仕事が済みます。,งานเสร็จสิ้นเท่านี้
ハンバーグ,ハンバーグ,hamburger steak,JLPT JLPT_N4,zs3r)kO4N*,"สเต็กแฮมเบอร์เกอร์, แฮมเบอร์เกอร์, สเต็กเนื้อบด, เนื้อบดปั้น",ハンバーグを食べました。,กินแฮมเบอร์เกอร์
市,し,city,JLPT JLPT_N4,rXed<x$qC(,"เมือง, นคร, ตัวเมือง, เทศบาลนคร",この市は大きいです。,เมืองนี้ใหญ่
引き出し,ひきだし,drawer,JLPT JLPT_N4,tGG+yHdqmL,"ลิ้นชัก, กล่องชัก, ตู้ลิ้นชัก, ชั้นลิ้นชัก",引き出しの中に本があります。,มีหนังสืออยู่ในลิ้นชัก
遊び,あそび,play,JLPT JLPT_N4,"O8zue,3OP7","เล่น, การละเล่น, ความสนุกสนาน, หยอกล้อ",子供たちの遊び場です。,เป็นที่เล่นของเด็กๆ
支度,したくする,preparation,JLPT JLPT_N4,QsqU&|{INc,"การตระเตรียม, การจัดเตรียม, การเตรียมพร้อม, การจัดหา",外出の支度をします。,เตรียมตัวจะออกไปข้างนอก
～始める,～はじめる,to start doing ~,JLPT JLPT_N4,BA.Jz]NK1.,"เพื่อเริ่มต้นทำ ~, เริ่มต้น, เริ่ม, ลงมือทำ",歌い始めます。,เริ่มร้องเพลง
見える,みえる,to be visible; -- polite verb meaning 来る (くる) --,Genki Genki_Ln.15 JLPT JLPT_N4,cEonZn&vE$,"มองเห็นได้; -- กริยาสุภาพ แปลว่า 来RU (くな) --, ปรากฏ, เห็น, มาเยือน",遠くから人が見えます。,มองเห็นคนจากที่ไกลๆ
十分,じゅうぶん,enough,JLPT JLPT_N4,vgB;={Nvrv,"เพียงพอ, พอเพียง, พอ, เพียงพอแล้ว",十分な時間があります。,มีเวลาเพียงพอ
音,おと,"sound, note",Genki Genki_Ln.20 JLPT JLPT_N4,y~nFfa-~?d,"เสียง, โน้ต, สุ้มเสียง, ทำนอง",鳥の音が聞こえます。,ได้ยินเสียงนก
きっと,きっと,"surely, definitely, undoubtedly, certainly",Intermediate_Japanese_Ln.7 JLPT JLPT_N4,>[X6H]9HU,"แน่นอน อย่างแน่นอน ไม่ต้องสงสัยเลย เด็ดขาด, รับรอง, ชัวร์, แน่ๆ",きっと大丈夫です。,แน่นอนว่าไม่เป็นไร
まず,まず,"first (of all), to start with",Genki Genki_Ln.18 JLPT JLPT_N4,b.U+m9N1DV,"ประการแรก (ก่อนอื่นเลย) เริ่มจาก, อันดับแรก, ขั้นแรก, สิ่งแรก",まず、手を洗ってください。,ก่อนอื่น กรุณาล้างมือ
遠く,とおく,"far away, distant",JLPT JLPT_N4,P.EKUt5=[B,"ไกลแสนไกล, ห่างไกล, สุดลูกหูลูกตา, ไกลโพ้น",遠くへ行きたいです。,อยากไปที่ไกลๆ
大体,だいたい,approximately; in most cases; in general; to begin with (same as もともと),Intermediate_Japanese_Ln.15 Intermediate_Japanese_Ln.3 JLPT JLPT_N4,PoQwq(:pGi,"ประมาณ; ในกรณีส่วนใหญ่ โดยทั่วไป; เริ่มต้นด้วย (เหมือนกับ もともと), ราวๆ, โดยทั่วไปแล้ว, โดยพื้นฐาน",大体わかりました。,พอจะเข้าใจโดยทั่วไปแล้ว
折れる,おれる,"to break, to be folded, to give in; to turn (a corner)",JLPT JLPT_N4,"C>N,+q5aTm","แตกหัก, พับงอ, ยอมแพ้; พลิกผัน (จุดเปลี่ยน), ยอมจำนน",枝が折れました。,กิ่งไม้หัก
正しい,ただしい,correct,JLPT JLPT_N4,ynVxN8fR|I,"ถูกต้อง, ถูกต้องแล้ว, ถูก, ใช่",これは正しい答えです。,นี่คือคำตอบที่ถูกต้อง
輸入,ゆにゅう,import,JLPT JLPT_N4,c#?sbZfFpt,"นำเข้า, การนำเข้า, ของนำเข้า, สินค้านำเข้า",新しい車を輸入します。,จะนำเข้ารถยนต์ใหม่
返事,へんじ,"reply, answer",JLPT JLPT_N4,KqUGjMWU_#,"ตอบกลับ, ตอบ, คำตอบ, การตอบ",返事が来ません。,ยังไม่ได้รับคำตอบ
都,と,metropolitan,JLPT JLPT_N4,OcM{?!kX-7,"มหานคร, กรุง, เขตเมืองหลวง, นครหลวง",東京は日本の都です。,โตเกียวเป็นเมืองหลวงของญี่ปุ่น
産業,さんぎょう,industry,JLPT JLPT_N4,r<I`MSX5aQ,"อุตสาหกรรม, การผลิต, ภาคอุตสาหกรรม, ธุรกิจ",様々な産業があります。,มีอุตสาหกรรมหลากหลาย
伝える,つたえる,"to convey (a message); to tell, to report",Genki Genki_Ln.20 Intermediate_Japanese_Ln.15 JLPT JLPT_N4,"z>dT,I0S3h","เพื่อถ่ายทอด (ข้อความ); เพื่อบอกเล่า, เพื่อรายงาน, บอกกล่าว, แจ้ง",先生に伝えます。,จะแจ้งให้คุณครูทราบ
お金持ち,かねもち; おかねもち,rich person,JLPT JLPT_N4,H?Z`hWb&65,"คนรวย, เศรษฐี, ผู้มั่งคั่ง, ผู้มีอันจะกิน",田中さんはお金持ちです。,คุณทานากะรวยมาก
説明,せつめい,explanation,JLPT JLPT_N4,jzx*<D-6cG,"คำอธิบาย, การชี้แจง, ข้ออธิบาย, คำชี้แจง",説明をお願いします。,กรุณาอธิบายให้หน่อย
島,しま,island,Intermediate_Japanese_Ln.5 JLPT JLPT_N4,AOZjwUDN5g,"เกาะ, ดินแดนกลางน้ำ, หมู่เกาะ, เกาะเล็กเกาะน้อย",日本には島がたくさんあります。,ญี่ปุ่นมีเกาะมากมาย
道具,どうぐ,tool,JLPT JLPT_N4,Me$$/AnEcv,"เครื่องมือ, อุปกรณ์, เครื่องใช้, เครื่องมือช่าง",道具を使います。,ใช้เครื่องมือ
滑る,すべる,"to slide, to slip",JLPT JLPT_N4,nobw)6B/(-,"ลื่นไถล, เลื่อน, ไถล, หกล้ม",道が滑りやすいです。,ถนนลื่น
それほど,それほど,to that degree; extent,JLPT JLPT_N4,tq|Owona;B,"ในระดับนั้น; ขอบเขต, ขนาดนั้น, ถึงเพียงนั้น, ประมาณนั้น",それほど難しくないです。,ไม่ยากถึงขนาดนั้น
以上,いじょう,more than; this is all,JLPT JLPT_N4,kbfzlR:5u>,"มากกว่านี้; นี่คือทั้งหมด, เกิน, จบสิ้น, พ้น",百点以上取ります。,จะทำคะแนนได้มากกว่าร้อย
～まま,～まま,as it is,JLPT JLPT_N4,j#zKPMXsT3,"เนื่องจากเป็นอยู่, อย่างที่เป็นอยู่, ตามสภาพ, คงสภาพเดิม",そのまま待ってください。,กรุณารออย่างนั้นแหละ
特急,とっきゅう,limited express (train faster than an express),JLPT JLPT_N4,sOgOxrQFHN,"รถไฟด่วนพิเศษ (รถไฟที่เร็วกว่ารถไฟด่วน), รถด่วนพิเศษ, ขบวนรถด่วน, รถด่วนสูงสุด",特急電車に乗ります。,ขึ้นรถไฟด่วนพิเศษ
プレゼント,プレゼント,"present, gift",Genki Genki_Ln.12 JLPT JLPT_N4,FrsjD-2$(X,"ของขวัญ, ของกำนัล, ของฝาก, สิ่งของให้",誕生日プレゼントをもらいました。,ได้รับของขวัญวันเกิด
～(に) よると,～(に) よると,according to ~,JLPT JLPT_N4,erz+S2{yL|,"ตามที่ ~, ตามคำกล่าวของ, ตามที่ระบุว่า, อ้างอิงจาก",天気予報によると、明日は晴れます。,ตามพยากรณ์อากาศ พรุ่งนี้อากาศแจ่มใส
妻,つま,wife (humble),JLPT JLPT_N4,pfL{;:Bm<O,"ภรรยา (ผู้อ่อนน้อม), เมีย, คู่ชีวิต, ศรีภรรยา",妻が料理を作ります。,ภรรยาทำอาหาร
帰り,かえり,"return, coming back",JLPT JLPT_N4,A1{^9x(Ly$,"กลับมาแล้ว, การกลับ, ขากลับ, กลับคืน",帰りは遅くなります。,ขากลับจะดึก
具合,ぐあい,"condition, state, health",JLPT JLPT_N4,Ha+Fpz*nIy,"สภาพ, สถานะ, สุขภาพ, อาการ",具合が悪いです。,รู้สึกไม่สบาย
堅; 硬; 固い,かたい,"solid, hard, firm",JLPT JLPT_N4,Qr]]OTGag7,"แข็งแรง มั่นคง, แข็ง, คงทน, แข็งแกร่ง",この石は硬いです。,หินก้อนนี้แข็ง
駐車場,ちゅうしゃじょう,parking lot,JLPT JLPT_N4,Q9!i44Gj}q,"ลานจอดรถ, ที่จอดรถ, ลานจอด, บริเวณจอดรถ",駐車場はどこですか。,ที่จอดรถอยู่ที่ไหน
スーツ,スーツ,suit,JLPT JLPT_N4,"M~,%txA#EO","สูท, ชุดสูท, เสื้อสูท, ชุดทำงาน",スーツを着て会社に行きます。,ใส่ชุดสูทไปทำงาน
危険,きけん,"danger, risk, hazard",Intermediate_Japanese_Ln.15 JLPT JLPT_N4,f#x=KD-)bk,"อันตราย ความเสี่ยง ภัย, ภยันตราย, ภัยคุกคาม, ความอันตราย",危険な場所です。,เป็นสถานที่อันตราย
髪,かみ,hair,Genki Genki_Ln.7 JLPT JLPT_N4,roFwJrlfKR,"ผม, เส้นผม, ขน, ทรงผม",髪を切りました。,ตัดผม
天気予報,てんきよほう,weather forecast,Genki Genki_Ln.8 JLPT JLPT_N4,rN#1gCRiI^,"พยากรณ์อากาศ, การพยากรณ์อากาศ, รายงานสภาพอากาศ, การคาดการณ์อากาศ",天気予報を見ます。,ดูพยากรณ์อากาศ
彼女,かのじょ,girlfriend; she,Genki Genki_Ln.12 JLPT JLPT_N4,xL3J@WlS{%,"แฟนสาว; เธอ, ผู้หญิงคนนั้น, แฟน, คนรัก",彼女は優しいです。,เธอเป็นคนใจดี
間,あいだ,"space, interval",JLPT JLPT_N4,MXEynMn6*x,"ช่องว่าง, ช่วงเวลา, ระยะเวลา, ที่ว่าง",部屋の間を歩きます。,เดินไปมาระหว่างห้อง
卒業,そつぎょう,graduation,JLPT JLPT_N4,yOSz]L8FJS,"การสำเร็จการศึกษา, การจบการศึกษา, พิธีจบการศึกษา, การรับปริญญา",大学を卒業しました。,จบการศึกษาจากมหาวิทยาลัยแล้ว
それで,それで,"and (conj.), thereupon, because of that",JLPT JLPT_N4,rZ[:sRogcN,"และ (กริยาเชื่อม) ด้วยเหตุนี้ เนื่องจากเหตุนั้น, ด้วยเหตุผลนี้, เพราะฉะนั้น, ดังนั้น",雨が降っています。それで、傘を持っていきます。,ฝนตกอยู่ ดังนั้นจะนำร่มไปด้วย
枝,えだ,"branch, twig",JLPT JLPT_N4,FAl}KCf:~8,"กิ่ง, ก้าน, กิ่งไม้, แขนง",木に枝がたくさんあります。,มีกิ่งไม้มากมายบนต้นไม้
専門,せんもん,major; speciality,Genki Genki_Ln.1 JLPT JLPT_N4,k;2({qLOGz,"สาขาวิชาเอก; ความเชี่ยวชาญ, วิชาเอก, ความชำนาญ, ความถนัด",専門は経済学です。,วิชาเอกคือเศรษฐศาสตร์
そろそろ,そろそろ,"gradually, soon",JLPT JLPT_N4,Q|>K44^N++,"ค่อยๆ ในไม่ช้า, ทีละน้อย, ใกล้จะถึงเวลา, อีกไม่นาน",そろそろ出発します。,ใกล้จะออกเดินทางแล้ว
送る,おくる,"to send, to dispatch",Genki Genki_Ln.14 Intermediate_Japanese_Ln.3 JLPT JLPT_N4,e1#_xMS<)@,"ส่ง, จัดส่ง, ส่งมอบ, จัดส่งให้",友達に手紙を送ります。,ส่งจดหมายให้เพื่อน
あげる,あげる,to give,JLPT JLPT_N4,w6NP$s|k?>,"เพื่อที่จะให้, มอบให้, ให้ไป, ส่งให้",弟にプレゼントをあげます。,ให้ของขวัญน้องชาย
騒ぐ,さわぐ,"to make noise, to clamor",JLPT JLPT_N4,E-jyAQ+?xZ,"ส่งเสียงดัง, เอะอะโวยวาย, ทำเสียงดัง, ส่งเสียง",あまり騒がないでください。,กรุณาอย่าส่งเสียงดังมากนัก
尋ねる,たずねる,to inquire (same as 質問する),JLPT JLPT_N4,B;}vj%?W%Z,"สอบถาม (เหมือนกับ 質問して), ไต่ถาม, ซักถาม, ถาม",道を聞きます。,ถามทาง
放送,ほうそうする,broadcasting,JLPT JLPT_N4,HT(fAub[.Z,"การออกอากาศ, การแพร่ภาพ, การกระจายเสียง, การเผยแพร่",テレビで放送します。,ออกอากาศทางทีวี
政治,せいじ,politics,Genki Genki_Ln.1 Genki_Ln.12 Intermediate_Japanese_Ln.3 JLPT JLPT_N4,LbbPDli%;(,"การเมือง, ระบบการเมือง, กิจการบ้านเมือง, การปกครอง",政治について勉強します。,จะศึกษาเรื่องการเมือง
市民,しみん,citizen,JLPT JLPT_N4,KnKdz8[G7<,"พลเมือง, ประชาชน, ราษฎร, ชาวเมือง",市民が祭りに参加します。,พลเมืองเข้าร่วมงานเทศกาล
ファックス,ファックス,fax,JLPT JLPT_N4,sG]9/N[j*>,"โทรสาร, เครื่องโทรสาร, โทรสารเอกสาร, แฟกซ์",ファックスを送ります。,ส่งแฟกซ์
負ける,まける,"to lose (a game) (v.i.), to be defeated",Intermediate_Japanese_Ln.7 JLPT JLPT_N4,t-t/Tk%(SS,"แพ้ (เกม) (กริยา) พ่ายแพ้, ประสบความพ่ายแพ้, ปราชัย, เสียท่า",試合に負けました。,แพ้การแข่งขัน
指輪,ゆびわ,(finger) ring,Genki Genki_Ln.14 JLPT JLPT_N4,By9Xq1v4J{,"แหวน (นิ้ว), แหวนนิ้ว, วงแหวน, เครื่องประดับนิ้ว",指輪をはめます。,สวมแหวน
田舎,いなか,"rural, countryside",JLPT JLPT_N4,qO;XWK^*$*,"ชนบท, พื้นที่ห่างไกล, บ้านนอก, ท้องถิ่น",田舎に帰ります。,กลับชนบท
見つける,みつける,"to discover, to find (v.t.)",Genki Genki_Ln.21 JLPT JLPT_N4,JSBDi~:Uul,"ค้นพบ, พบ (กริยา), พบเจอ, ค้นหา",落とし物を見つけました。,พบของหาย
高校生,こうこうせい,high school student,Genki Genki_Ln.1 JLPT JLPT_N4,s|lGtGG1fi,"นักเรียนมัธยมปลาย, นักเรียนม.ปลาย, นักเรียนระดับมัธยมปลาย, เด็กม.ปลาย",高校生が図書館に来ました。,นักเรียนมัธยมปลายมาที่ห้องสมุด
講義,こうぎ,a lecture,Intermediate_Japanese_Ln.5 JLPT JLPT_N4,q(32?ls(B3,"การบรรยาย, การสอน, การปาฐกถา, บทเรียน",講義を聞きます。,ฟังการบรรยาย
そんなに,そんなに,"so much, like that",JLPT JLPT_N4,pG^h}ycj3(,"มากมายเช่นนั้น, มากขนาดนั้น, อย่างนั้น, เช่นนั้น",そんなに急がないでください。,กรุณาอย่ารีบร้อนขนาดนั้น
昼休み,ひるやすみ,"lunch break, noon recess",JLPT JLPT_N4,lFVXC$-X%0,"พักกลางวัน, พักเบรกเที่ยง, เวลาพักกลางวัน, ช่วงพักเที่ยง",昼休みは１時間です。,พักกลางวันคือ 1 ชั่วโมง
忘れ物,わすれもの,"lost article, something forgotten",JLPT JLPT_N4,c>u.i{BBMW,"ของหาย, สิ่งของที่ถูกลืม, ของที่ลืม, สิ่งที่หายไป",忘れ物はありませんか。,ไม่มีของลืมใช่ไหม
下りる,おりる,"to get down, to go; come down",JLPT JLPT_N4,"d9,VKd=RU=","ลงมา, ไป; ลงมา, ก้าวลง, ลงจาก",バスから降ります。,ลงจากรถบัส
腕,うで,arm (in reference to body),Intermediate_Japanese_Ln.7 JLPT JLPT_N4,AiW}:.4@ze,"แขน (ในความหมายของร่างกาย), ท่อนแขน, แขนขา, ส่วนแขน",腕が痛いです。,ปวดแขน
訳,わけ,reason; explanation,JLPT JLPT_N4,usS4^zwn[>,"เหตุผล; คำอธิบาย, มูลเหตุ, สาเหตุ, การตีความ",その理由は何ですか。,เหตุผลนั้นคืออะไร
承知,しょうちする,"consent, acceptance",JLPT JLPT_N4,H:BcaGHLGe,"ความยินยอม การยอมรับ, ตกลง, เห็นด้วย, อนุมัติ",はい、承知いたしました。,ครับ/ค่ะ รับทราบแล้วครับ/ค่ะ
日記,にっき,"diary, journal",Genki Genki_Ln.18 JLPT JLPT_N4,"BMMWqQZ#[,","ไดอารี่, สมุดบันทึก, บันทึกประจำวัน, อนุทิน",毎日日記を書きます。,ฉันเขียนไดอารี่ทุกวัน
高校; 高等学校,こうこう; こうとうがっこう,high school; senior high school,JLPT JLPT_N4,KKBE9#o7:F,"โรงเรียนมัธยมปลาย; โรงเรียนมัธยมศึกษาตอนปลาย, ม.ปลาย, สถาบันมัธยมปลาย, สถานศึกษามัธยมปลาย",高校で勉強しています。,ฉันกำลังเรียนอยู่ที่โรงเรียนมัธยมปลาย
似る,にる,"to resemble, to be similar",JLPT JLPT_N4,i`_a~no4G!,"คล้ายคลึงกัน, เหมือนกัน, ละม้าย, คล้าย",その二つの絵はよく似ています。,ภาพวาดสองภาพนั้นคล้ายกันมาก
～おわる,～おわる,to finish doing ~,JLPT JLPT_N4,qwf(Try}@4,"เพื่อทำสิ่งต่างๆ ให้เสร็จสิ้น ~, ทำเสร็จ, เสร็จสิ้น, ทำจบท้าย",宿題を終わりました。,ฉันทำการบ้านเสร็จแล้ว
暖房,だんぼう,heating,JLPT JLPT_N4,dvn`p4e0P6,"การทำความร้อน, เครื่องทำความร้อน, ความร้อน, การให้ความร้อน",部屋を暖房しています。,กำลังเปิดเครื่องทำความร้อนในห้อง
留守,るす,absence; not at home,Genki Genki_Ln.21 JLPT JLPT_N4,BK(gHI]ze3,"ไม่อยู่บ้าน; ไม่อยู่บ้าน, ออกนอกบ้าน, ลากิจ, ไม่ได้อยู่",留守番をお願いします。,ช่วยเฝ้าบ้านให้หน่อยครับ/ค่ะ
割合,わりあい,"rate, ratio, percentage",JLPT JLPT_N4,vGMwhqQc%{,"อัตรา, สัดส่วน, เปอร์เซ็นต์, อัตราส่วน",この割合は高いです。,สัดส่วนนี้สูง
寺,てら,Buddhist temple,JLPT JLPT_N4,Hiagec7p~[,"วัดพุทธ, อาราม, โบสถ์, วิหาร",お寺に行きました。,ฉันไปวัดมา
慣れる,なれる,to grow accustomed to,JLPT JLPT_N4,m30?cbGY7<,"เพื่อให้คุ้นเคย, ชิน, เคยชิน, ปรับตัว",この仕事に慣れました。,ฉันเริ่มชินกับงานนี้แล้ว
普通,ふつう,common; usual,Intermediate_Japanese_Ln.2 Intermediate_Japanese_Ln.3 JLPT JLPT_N4,s:f#izD=u2,"ทั่วไป; ปกติ, โดยทั่วไป, สามัญ, เป็นปกติ",これは普通のペンです。,นี่คือปากกาธรรมดา
手伝う,てつだう,to help,JLPT JLPT_N4,s_Pi8jG!6%,"เพื่อช่วยเหลือ, ช่วยเหลือ, ช่วย, สงเคราะห์",荷物を手伝ってください。,ช่วยยกของให้หน่อย
なるほど,なるほど,I see; I now understand,Intermediate_Japanese_Ln.6 JLPT JLPT_N4,b:e%Ujd8JZ,"เข้าใจแล้ว ฉันเข้าใจแล้ว, อ๋อ, เข้าใจ, ทราบ",なるほど、分かりました。,อ๋อ เข้าใจแล้ว
くださる,くださる,"(hon.) to give, to confer",JLPT JLPT_N4,sPmqOCO=cT,"(เกียรตินิยม) ให้, มอบให้, ประทาน, พระราชทาน",先生が私に本をくださいました。,คุณครูให้หนังสือแก่ฉัน
息子,むすこ,(humble) son,JLPT JLPT_N4,xE%1d@q~=0,"ลูกชาย (ผู้ถ่อมตน), บุตร, บุตรชาย, ทายาทชาย",これは私の息子です。,นี่คือลูกชายของฉัน
お子さん,おこさん,(someone else's) child (polite),Genki Genki_Ln.19 JLPT JLPT_N4,JfH~5*U.a_,"เด็กของคนอื่น (อย่างสุภาพ), บุตรของท่าน, ลูกของท่าน, ลูกหลาน",お子さんはお元気ですか。,ลูกของคุณสบายดีไหมครับ/คะ
会場,かいじょう,"venue, meeting place",JLPT JLPT_N4,rYhMPU9-hG,"สถานที่จัดงาน, จุดนัดพบ, สถานที่ประชุม, ทำเลจัดงาน",会場はどこですか。,สถานที่จัดงานอยู่ที่ไหนครับ/คะ
笑う,わらう,"to laugh, to smile",JLPT JLPT_N4,y~ow$kbx8M,"หัวเราะ ยิ้ม, ขำ, หัวร่อ, ยิ้มแย้ม",友達が笑いました。,เพื่อนหัวเราะ
運ぶ,はこぶ,"to transport, to carry",Genki Genki_Ln.22 Intermediate_Japanese_Ln.6 JLPT JLPT_N4,v9DX2R5H-S,"ขนส่ง, แบกหาม, ลำเลียง, บรรทุก",箱を運びます。,ฉันจะขนกล่อง
文学,ぶんがく,literature,Genki Genki_Ln.1 Intermediate_Japanese_Ln.3 JLPT JLPT_N4,"lUX,?(3;D]","วรรณกรรม, งานเขียน, งานประพันธ์, บทประพันธ์",文学が好きです。,ฉันชอบวรรณกรรม
光,ひかり,light,JLPT JLPT_N4,qZgkVt9uh<,"แสงสว่าง, แสง, รังสี, พลังงานแสง",部屋に光が入ります。,แสงสว่างส่องเข้ามาในห้อง
お見舞い,おみまい,"calling on someone who is ill, visit",JLPT JLPT_N4,vi}b>#%^FD,"ไปเยี่ยมเยียนผู้ป่วย, เยี่ยมไข้, เยี่ยมคนป่วย, ไปเยี่ยม",友達にお見舞いに行きます。,ฉันจะไปเยี่ยมเพื่อนที่ป่วย
席,せき,a seat,Intermediate_Japanese_Ln.7 JLPT JLPT_N4,frRhF)UU}W,"ที่นั่ง, เก้าอี้, ตำแหน่ง, ที่ประทับ",ここがあなたの席です。,ตรงนี้คือที่นั่งของคุณ
～様,～さま,"Mr., Mrs., Ms.",JLPT JLPT_N4,JidByAlQoq,"นาย, นาง, นางสาว, ท่าน",田中様、お待ちしております。,คุณทานากะครับ/คะ เรากำลังรออยู่ครับ/ค่ะ
ご存じ,ごぞんじ,"knowing, acquaintance",JLPT JLPT_N4,k8%o+}YbEd,"รู้จักกัน, สนิทสนม, คุ้นเคย, เป็นที่รู้จัก",この画家をご存じですか。,คุณรู้จักจิตรกรท่านนี้ไหมครับ/คะ
下る,さがる,"to descend, to drop, to fall",JLPT JLPT_N4,oX|5UGkIW2,"ลง, ตก, ร่วงหล่น, ร่วง",階段を下ります。,ฉันจะลงบันได
字,じ,letter; character,Genki Genki_Ln.20 JLPT JLPT_N4,paD_A<.{(!,"ตัวอักษร; อักขระ, พยัญชนะ, อักษร, เครื่องหมาย",この字を教えてください。,ช่วยสอนตัวอักษรนี้ให้หน่อยครับ/ค่ะ
アジア,アジア,Asia,JLPT JLPT_N4,"Q{IM`lB,o7","เอเชีย, ภูมิภาคเอเชีย, แผ่นดินเอเชีย, ดินแดนเอเชีย",アジアの食べ物が好きです。,ฉันชอบอาหารเอเชีย
褒める,ほめる,to praise; to say nice things,Genki Genki_Ln.21 JLPT JLPT_N4,!.H?[6|B.,"เพื่อชมเชย; เพื่อพูดสิ่งดีๆ, สรรเสริญ, ชื่นชม, ยกย่อง",先生が私を褒めてくれました。,คุณครูชมเชยฉัน
空く,すく,"to be empty (in reference to people), to be less crowded",JLPT JLPT_N4,fg<?z[S^C:,"ว่างเปล่า (ในแง่ของจำนวนคน) แออัดน้อยลง, โล่ง, ไม่แออัด, โปร่ง",人が少なくて、道が空いています。,คนน้อย ถนนโล่ง
あ,あ,Ah,JLPT JLPT_N4,qc]3W&Jc<m,"อ่า, อ่าฮ่า, โอ้, เอ๋",あ、それはいいですね。,อ่า นั่นดีจังเลย
最も,もっとも,most,JLPT JLPT_N4,TJ2Lm-F`{,"ที่สุด, สุดยอด, สุดฤทธิ์, มากที่สุด",これが最も安いです。,นี่ราคาถูกที่สุด
合う,あう,"to fit, to match",JLPT JLPT_N4,OAIc&<q]o$,"เพื่อให้พอดี เพื่อให้เข้ากันได้, เข้ากัน, เหมาะสม, สอดคล้อง",この服は私に合いますか。,ชุดนี้เหมาะกับฉันไหมครับ/คะ
～代,～だい,~ age; period,JLPT JLPT_N4,y4r%$Sls[D,"~ อายุ; ช่วงเวลา, ยุค, สมัย, วัย",子供の代は大変でした。,สมัยเด็กนั้นลำบาก
最後,さいご,"last, end",JLPT JLPT_N4,P^V7$JoB=L,"สุดท้าย จบ, ท้ายสุด, สิ้นสุด, ตอนจบ",これが最後です。,นี่คืออันสุดท้าย
値段,ねだん,price,JLPT JLPT_N4,E3[j8aN}XJ,"ราคา, ค่า, มูลค่า, ราคาขาย",この値段はいくらですか。,ราคานี้เท่าไหร่ครับ/คะ
退院,たいいんする,leaving hospital,JLPT JLPT_N4,E-^*b8-xhX,"ออกจากโรงพยาบาล, พ้นโรงพยาบาล, ออกจากสถานพยาบาล, กลับบ้านจากโรงพยาบาล",明日退院します。,ฉันจะออกจากโรงพยาบาลพรุ่งนี้
展覧会,てんらんかい,exhibition,JLPT JLPT_N4,PN~#oqMNRx,"นิทรรศการ, งานแสดง, การจัดแสดง, การแสดงสินค้า",展覧会に行きました。,ฉันไปงานแสดงศิลปะมา
久しぶり,ひさしぶり,it has been a long time; for the first time in a long time,Genki Genki_Ln.11 Intermediate_Japanese_Ln.4 JLPT JLPT_N4,"J`#Y!H,,<%","นานมากแล้ว; เป็นครั้งแรกในรอบหลายปี, เป็นเวลานาน, ผ่านไปนาน, ไม่ได้เจอกันนาน",久しぶりですね。,ไม่ได้เจอกันนานเลยนะครับ/คะ
カーテン,カーテン,curtain,Genki Genki_Ln.18 JLPT JLPT_N4,NFW!?qkYyo,"ม่าน, ผ้าม่าน, มู่ลี่, ฉากกั้น",カーテンを開けます。,ฉันจะเปิดม่าน
汽車,きしゃ,train (steam),JLPT JLPT_N4,KH0a_3!CiN,"รถไฟ (ไอน้ำ), รถจักรไอน้ำ, หัวรถจักรไอน้ำ, ขบวนไอน้ำ",汽車が来ました。,รถไฟมาแล้ว
遅れる,おくれる,to (be) become late,Genki Genki_Ln.19 Intermediate_Japanese_Ln.2 JLPT JLPT_N4,rDxLnq^]Ph,"มาสาย, สาย, ล่าช้า, มาไม่ทัน",遅れないでください。,กรุณาอย่ามาสาย
見つかる,みつかる,"to be found (v.i.), to be discovered",JLPT JLPT_N4,b>m8LlfHOm,"พบ (กริยาไม่ต้องการกรรม), ถูกค้นพบ, ค้นพบ, เจอ",鍵が見つかりました。,หากุญแจเจอแล้ว
召し上がる,めしあがる,-- honorific form of 食べる (たべる) and 飲む (のむ) --,Genki Genki_Ln.19 Intermediate_Japanese_Ln.6 JLPT JLPT_N4,Fa=r1a7`zE,"-- รูปแสดงเกียรติของ רべる (たべる) และ 飲む (のむ) --, เสวย, รับประทาน, บริโภค",どうぞ、召し上がってください。,เชิญรับประทานได้เลยครับ/ค่ะ
太る,ふとる,to gain weight,Genki Genki_Ln.7 JLPT JLPT_N4,BN&?E=z3*H,"เพื่อเพิ่มน้ำหนัก, น้ำหนักขึ้น, อ้วนขึ้น, มีน้ำหนักเพิ่มขึ้น",最近、太りました。,ช่วงนี้ฉันน้ำหนักขึ้น
注射,ちゅうしゃ,injection,JLPT JLPT_N4,lG`+>+=?Os,"การฉีด, ฉีด, ยาฉีด, การฉีดยา",注射をします。,ฉันจะฉีดยา
様,よう,"way, manner, kind",JLPT JLPT_N4,t[MNQO-W6,"วิธีการ, กิริยามารยาท, ความเมตตา, ลักษณะ",その様は面白いです。,ลักษณะนั้นน่าสนใจ
～おき,～おき,after every ~,JLPT JLPT_N4,ISv;l<*PQR,"หลังจากทุกๆ ~, ทุกๆ, ทุกๆครั้ง, หลังจากนั้น",三日おきに水をあげます。,ฉันจะรดน้ำทุกๆ สามวัน
最初,さいしょ,"beginning, first",JLPT JLPT_N4,uJfgbAk&PM,"จุดเริ่มต้น, แรก, เริ่มต้น, ประเดิม",最初は何ですか。,อันแรกคืออะไรครับ/คะ
御～,ご～,honorable ~,JLPT JLPT_N4,b?YXE$9w]A,"ผู้ทรงเกียรติ ~, ท่าน, คุณ, พณฯ",御飯を食べます。,ฉันจะกินข้าว
安心,あんしん,"peace of mind, relief",JLPT JLPT_N4,C^vt]hY6vW,"ความสบายใจ ความโล่งใจ, สบายใจ, ปลอดภัย, คลายกังวล",これで安心しました。,สบายใจขึ้นเยอะเลย
直る,なおる,to be fixed,JLPT JLPT_N4,wOi%P<vl?O,"ต้องแก้ไข, ได้รับการแก้ไข, ซ่อมแซม, ปรับปรุง",時計が直りました。,นาฬิกาซ่อมเสร็จแล้ว
集める,あつめる,"to collect, to gather (v.t.), to assemble",Genki Genki_Ln.16 Intermediate_Japanese_Ln.7 JLPT JLPT_N4,OW4zN$vq<h,"รวบรวม, เก็บ (กริยา), ประกอบ, สะสม",切手を集めます。,ฉันจะสะสมแสตมป์
直す,なおす,to correct (v.t.); to fix,Genki Genki_Ln.16 JLPT JLPT_N4,g9g}aXNY+w,"แก้ไข (กริยา); ซ่อมแซม, ปรับแก้, ปรับปรุง, ทำให้ถูกต้อง",これを直してください。,กรุณาแก้ไขสิ่งนี้ให้หน่อย
続く,つづく,to be continued,JLPT JLPT_N4,"I,82^s2,ha","โปรดติดตามตอนต่อไป, ดำเนินต่อไป, มีต่อ, จะมีตอนต่อไป",雨が続きます。,ฝนตกต่อเนื่อง
先輩,せんぱい,senior members of a group,Genki Genki_Ln.22 JLPT JLPT_N4,iQ7T^oqMw-,"สมาชิกอาวุโสของกลุ่ม, รุ่นพี่, ผู้สูงวัย, ผู้ใหญ่",先輩に聞きます。,ฉันจะถามรุ่นพี่
約束,やくそく,"arrangement, appointment, promise",Genki Genki_Ln.13 JLPT JLPT_N4,gG#1gGEk5+,"การจัดเตรียม การนัดหมาย คำสัญญา, ข้อตกลง, คำมั่นสัญญา, นัดพบ",明日、約束があります。,ฉันมีนัดพรุ่งนี้
世話,せわする,looking after; to look after,JLPT JLPT_N4,u{y[j%Z9W2,"ดูแล; คอยดูแล, ดูแลเอาใจใส่, เลี้ยงดู, อุปถัมภ์",お世話になります。,ขอความกรุณาจากท่าน
近所,きんじょ,neighborhood,JLPT JLPT_N4,hCRlD3m.g(,"ละแวกบ้าน, ย่าน, แถวบ้าน, บริเวณใกล้เคียง",近所で買い物をします。,ฉันจะซื้อของที่ร้านแถวบ้าน
将来,しょうらい,(in the) future; prospects,Genki Genki_Ln.11 Intermediate_Japanese_Ln.5 JLPT JLPT_N4,y@QKAOSu|U,"ในอนาคต; โอกาส, อนาคต, ภายภาคหน้า, ล่วงหน้า",将来、医者になりたいです。,ฉันอยากเป็นหมอในอนาคต
億,おく,hundred million,JLPT JLPT_N4,iX-FN@Kj?p,"ร้อยล้าน, หนึ่งร้อยล้าน, หนึ่งร้อยล้านหน่วย, แปดหลัก",1億円です。,เป็นเงิน 100 ล้านเยน
数学,すうがく,mathematics,JLPT JLPT_N4,EO5o6*tgn9,"คณิตศาสตร์, เลข, วิชาเลข, วิชาคณิต",数学は得意です。,ฉันเก่งคณิตศาสตร์
文化,ぶんか,culture,Genki Genki_Ln.19 JLPT JLPT_N4,z%ky|Q={QQ,"วัฒนธรรม, วัฒนธรรมประเพณี, ประเพณี, วิถีชีวิต",日本の文化が好きです。,ฉันชอบวัฒนธรรมญี่ปุ่น
払う,はらう,to pay,Genki Genki_Ln.10 Intermediate_Japanese_Ln.3 JLPT JLPT_N4,i~kIT)jn~k,"เพื่อจ่าย, ชำระ, ชำระเงิน, จ่ายเงิน",電気代を払います。,ฉันจะจ่ายค่าไฟ
習慣,しゅうかん,custom (in reference to culture),JLPT JLPT_N4,v)1shr#hf=,"ธรรมเนียมปฏิบัติ (ในบริบทของวัฒนธรรม), ประเพณี, ขนบธรรมเนียม, จารีต",これは私の習慣です。,นี่เป็นนิสัยของฉัน
焼ける,やける,"to burn, to be roasted",JLPT JLPT_N4,ws>!BOMOtu,"เผาไหม้, ย่าง, ลุกไหม้, อบ",パンが焼けます。,ขนมปังอบเสร็จแล้ว
君,きみ,you (informal for men),JLPT JLPT_N4,P|5<lpF.:2,"คุณ (คำไม่เป็นทางการสำหรับผู้ชาย), แก, มึง, เอ็ง",君は誰ですか。,คุณคือใคร
冷える,ひえる,"to grow cold, to cool down",JLPT JLPT_N4,np-S*rxEi@,"เย็นลง, ทำให้เย็นลง, เย็นตัวลง, คลายร้อน",外は冷えています。,ข้างนอกอากาศเย็นลง
点く,つく,"to be started, to be switched on",JLPT JLPT_N4,s+|BHBlyTh,"ต้องเริ่มต้น ต้องเปิดใช้งาน, เปิด, เริ่มทำงาน, สตาร์ท",電気が点きません。,ไฟไม่ติด
この間,このあいだ,"the other day, recently",Genki Genki_Ln.16 JLPT JLPT_N4,c(L)|Hc$oD,"เมื่อไม่กี่วันที่ผ่านมานี้เอง, ไม่นานมานี้, เมื่อเร็วๆ นี้, ที่ผ่านมา",この間、映画を見ました。,เมื่อไม่นานมานี้ ฉันดูหนัง
格好,かっこう,"appearance, manner, shape, form, posture",JLPT JLPT_N4,j4zgBW-)uI,"ลักษณะภายนอก, ท่าทาง, รูปร่าง, รูปแบบ, ท่วงท่า",格好がいいですね。,ดูดีจังเลยนะครับ/คะ
かまう,,"to mind, to care about, to be concerned about",JLPT JLPT_N4,l%US3Ov|)s,"ใส่ใจ, ห่วงใย, กังวลใจ, สนใจ",気にしないでください。,ไม่ต้องกังวล
続ける,つづける,"to continue, to keep up",Genki Genki_Ln.21 JLPT JLPT_N4,Dmf=K4sY#J,"เพื่อดำเนินการต่อ เพื่อให้ทันต่อ, ทำต่อไป, ไปต่อ, ดำเนินการ",勉強を続けます。,ฉันจะเรียนต่อไป
落す,おとす,"to drop, to lose",JLPT JLPT_N4,p0#ZhzpH-},"ตกหล่น, สูญเสีย, ทำหาย, หล่น",財布を落としました。,ฉันทำกระเป๋าสตางค์หาย
明日,あす,tomorrow,JLPT JLPT_N4,ITR}TzQQ.H,"พรุ่งนี้, วันพรุ่ง, วันรุ่งขึ้น, พรุ่งนี้เช้า",明日、会議があります。,พรุ่งนี้มีประชุม
出発,しゅっぱつする,departure,JLPT JLPT_N4,hH4(GI}wN&,"การออกเดินทาง, การเดินทางออก, ออกเดินทาง, การจากไป",午後、出発します。,ฉันจะออกเดินทางตอนบ่าย
拝見,はいけんする,"(humble) (polite) seeing, look at",JLPT JLPT_N4,udBE2Kt)`=,"(อย่างถ่อมตน) (อย่างสุภาพ) การมองเห็น การมองดู, มอง, ชม, ตรวจดู",後で拝見します。,เดี๋ยวจะดูให้ครับ/ค่ะ
割れる,われる,to break,JLPT JLPT_N4,G?t1hbgS`?,"เพื่อทำลาย, แตก, หัก, พัง",コップが割れました。,แก้วแตก
背中,せなか,back (of body),JLPT JLPT_N4,hg%3^*8ICS,"ด้านหลัง (ของร่างกาย), หลัง, แผ่นหลัง, ส่วนหลัง",背中が痛いです。,ฉันปวดหลัง
新聞社,しんぶんしゃ,newspaper company,JLPT JLPT_N4,m^QI_$65r>,"บริษัทหนังสือพิมพ์, สำนักข่าว, โรงพิมพ์, กองบรรณาธิการ",新聞社で働いています。,ฉันทำงานที่สำนักพิมพ์
いじめる,いじめる,"to bully, to torment",Genki Genki_Ln.21 JLPT JLPT_N4,gd&LFipme&,"กลั่นแกล้ง รังแก, รังควาน, แกล้ง, รบกวน",犬をいじめないでください。,อย่ารังแกหมานะครับ/คะ
回る、回す,まわる、まわす,"to go around, to revolve",JLPT JLPT_N4,OXe]%sDun3,"หมุนไปรอบๆ, วนรอบ, หมุนเวียน, โคจร",地球が太陽の周りを回ります。,โลกหมุนรอบดวงอาทิตย์
～君,～くん,"Mr. (junior) ~, master ~",JLPT JLPT_N4,yqGP#fHaRj,"นาย (จูเนียร์) ~, นาย ~, น้อง, คุณหนู",田中君、元気？,ทานากะคุง สบายดีไหม
おっしゃる,おっしゃる,-- honorific expression for いう --,Genki Genki_Ln.19 JLPT JLPT_N4,Bv6:t/{x_6,"-- สำนวนแสดงความเคารพ いō --, เรียน, กราบเรียน, แถลง",先生がおっしゃいました。,คุณครูกล่าว
眠い,ねむい,"sleepy, drowsy",Genki Genki_Ln.10 JLPT JLPT_N4,g1)0|I<ucL,"ง่วงนอน, เพลีย, ซึมเซา, อิดโรย",眠いので、寝ます。,ฉันง่วงนอน เลยจะนอน
濡れる,ぬれる,to get wet,JLPT JLPT_N4,"n,@-PdsLi~","เพื่อให้เปียก, ชุ่ม, เปียกปอน, แฉะ",雨で濡れました。,ฉันเปียกฝน
倒れる,たおれる,"to collapse, to break down",JLPT JLPT_N4,k|Od:&*w$$,"พังทลาย, ล้มลง, ทรุดตัว, แตกหัก",木が倒れました。,ต้นไม้ล้ม
スーパー (マーケット),スーパー (マーケット),supermarket,JLPT JLPT_N4,DH3_3RD/FB,"ซูเปอร์มาร์เก็ต, ร้านขายของชำ, ห้างสรรพสินค้า, ร้านค้าปลีก",スーパーで買いました。,ฉันซื้อมาจากซูเปอร์มาร์เก็ต
アクセサリー,アクセサリー,accessory,JLPT JLPT_N4,qvO-&Z#/h,"อุปกรณ์เสริม, เครื่องประดับ, ของตกแต่ง, สิ่งประดับ",アクセサリーが好きです。,ฉันชอบเครื่องประดับ
考える,かんがえる,to think (about); to consider,Genki Genki_Ln.18 JLPT JLPT_N4,"M,WdgwY$__","คิด (เกี่ยวกับ); พิจารณา, ตรึกตรอง, ไตร่ตรอง, ครุ่นคิด",よく考えます。,ฉันคิดทบทวนอย่างดี
向かう,むかう,"to face, to go towards",JLPT JLPT_N4,sLFa<Dk5BC,"เผชิญหน้า, มุ่งหน้าไปยัง, ประจันหน้า, ตรงไป",駅に向かいます。,ฉันกำลังมุ่งหน้าไปสถานี
自由,じゆう,freedom,Genki Genki_Ln.22 JLPT JLPT_N4,lFnDZou.7G,"เสรีภาพ, อิสรภาพ, ความเป็นอิสระ, สิทธิเสรี",自由な時間があります。,ฉันมีเวลาว่าง
仕方,しかた,way (of doing something),JLPT JLPT_N4,AM]yYl5eIO,"วิธีการ (ในการทำบางสิ่งบางอย่าง), หนทาง, กลวิธี, แบบแผน",仕方がないですね。,ไม่เป็นไรครับ/ค่ะ
首,くび,neck,JLPT JLPT_N4,JPecz-JR}],"คอ, ลำคอ, ต้นคอ, ช่วงคอ",首が痛いです。,ฉันปวดคอ
程,ほど,"degree, extent",JLPT JLPT_N4,p%bF6rAi^7,"ระดับ, ขอบเขต, ปริมาณ, ขนาด",これぐらいでいいです。,ประมาณนี้ก็พอแล้ว
代わり,かわり,"substitute, replacement",JLPT JLPT_N4,rZ#&qP#LLe,"ทดแทน, ทางเลือกอื่น, สิ่งทดแทน, สำรอง",代わりにお願いします。,ขอให้ช่วยทำแทนหน่อย
失敗,しっぱい,"failure, mistake",JLPT JLPT_N4,KT@^}h^l+<,"ความล้มเหลว ความผิดพลาด, ข้อผิดพลาด, ความบกพร่อง, ข้อบกพร่อง",失敗しました。,ฉันล้มเหลว
工業,こうぎょう,(manufacturing) industry,JLPT JLPT_N4,kLOeCV|5Ly,"อุตสาหกรรมการผลิต, ภาคอุตสาหกรรม, โรงงานอุตสาหกรรม, การผลิต",工業は発展しています。,อุตสาหกรรมกำลังพัฒนา
移る,うつる,to move (from a house); to transfer (from a department); to shift,JLPT JLPT_N4,EwBssfbpE#,"ย้าย (ออกจากบ้าน); โอนย้าย (จากแผนก); สับเปลี่ยน, โยกย้าย, เคลื่อนย้าย, เปลี่ยนที่",部屋が移りました。,ห้องเปลี่ยนแล้ว
スーツケース,スーツケース,suitcase,JLPT JLPT_N4,z<X.?7YIM*,"กระเป๋าเดินทาง, หีบเดินทาง, กล่องเดินทาง, สัมภาระ",スーツケースは重いです。,กระเป๋าเดินทางใบนี้หนัก
ひげ,ひげ,beard,Genki Genki_Ln.17 JLPT JLPT_N4,OC&/lk8Sbt,"หนวดเครา, เครา, หนวด, ขนบนใบหน้า",ひげを剃ります。,ฉันจะโกนหนวด
研究室,けんきゅうしつ,the professor's office; laboratory,Intermediate_Japanese_Ln.3 JLPT JLPT_N4,C=g-AqnF6#,"ห้องทำงานของศาสตราจารย์; ห้องปฏิบัติการ, ห้องแล็บ, ห้องวิจัย, สำนักงานอาจารย์",研究室で勉強します。,ฉันจะเรียนในห้องวิจัย
工場,こうじょう,factory,Genki Genki_Ln.21 Intermediate_Japanese_Ln.15 JLPT JLPT_N4,zB*.:-`=4j,"โรงงาน, สถานที่ผลิต, แหล่งผลิต, โรงงานอุตสาหกรรม",工場で働いています。,ฉันทำงานในโรงงาน
紹介,しょうかい,an introduction,JLPT JLPT_N4,dT=BbRaUvW,"บทนำ, เกริ่นนำ, คำนำ, อารัมภบท",自己紹介をします。,ฉันจะแนะนำตัว
けれど; けれども,けれど; けれども,"but, although",JLPT JLPT_N4,mDzGR2QZWc,"แต่ถึงแม้ว่า, ถึงกระนั้น, อย่างไรก็ตาม, ทว่า",雨ですが、行きます。,ฝนตก แต่ฉันจะไป
舟,ふね,"ship, boat",JLPT JLPT_N4,"B,m2(2B05a","เรือ, เรือเล็ก, เรือโดยสาร, เรือประมง",舟に乗りました。,ฉันได้ขึ้นเรือ
動く,うごく,to move,JLPT JLPT_N4,F~}14d`>!6,"เพื่อเคลื่อนย้าย, ขยับ, เคลื่อนที่, โยก",時計が動きました。,นาฬิกาเริ่มเดินแล้ว
～(に) ついて,～(に) ついて,"about, concerning",JLPT JLPT_N4,"s~K|,g+o=(","เกี่ยวกับ, เรื่อง, ในเรื่อง, ในประเด็น",これについて話しましょう。,เรามาคุยเรื่องนี้กัน
コンサート,コンサート,concert,Genki Genki_Ln.9 JLPT JLPT_N4,c-Fil]C?m3,"คอนเสิร์ต, การแสดงดนตรี, มหกรรมดนตรี, ดนตรีสด",コンサートに行きました。,ฉันไปคอนเสิร์ตมา
虫,むし,insect,JLPT JLPT_N4,gn!@amuoHx,"แมลง, ตัวแมลง, สัตว์ตัวเล็ก, สัตว์ไม่มีกระดูกสันหลัง",虫がいます。,มีแมลงอยู่
優しい,やさしい,"kind (person), gentle (person), easy (problem)",Genki Genki_Ln.5 JLPT JLPT_N4,gfbdYDbw~Y,"ใจดี (คน), อ่อนโยน (คน), ง่าย (ปัญหา), สุภาพ",彼は優しい人です。,เขาเป็นคนใจดี
コンピュータ; コンピューター,コンピュータ; コンピューター,computer,JLPT JLPT_N4,i=KlAInS10,"คอมพิวเตอร์, เครื่องคอมพิวเตอร์, คอมพิวเตอร์ส่วนบุคคล, พีซี",コンピュータを使います。,ฉันจะใช้คอมพิวเตอร์
植える,うえる,to plant,JLPT JLPT_N4,M>_C}7!LEs,"ปลูก, เพาะปลูก, หว่าน, ปัก",庭に木を植えます。,ฉันจะปลูกต้นไม้ในสวน
両方,りょうほう,"both sides, both parties",JLPT JLPT_N4,w+8nx7:F3*,"ทั้งสองฝ่าย ทั้งสองพรรค, สองฝ่าย, ทั้งสองข้าง, ฝ่ายคู่",両方とも好きです。,ฉันชอบทั้งสองอย่าง
汚れる,よごれる,to become dirty,JLPT JLPT_N4,yxTJ>uc(`r,"สกปรก, เปื้อน, เลอะเทอะ, มอมแมม",服が汚れています。,เสื้อผ้าเปื้อน
水泳,すいえい,swimming,JLPT JLPT_N4,p8o.J&l.y:,"การว่ายน้ำ, ว่ายน้ำ, กีฬาว่ายน้ำ, การดำน้ำ",水泳は得意です。,ฉันว่ายน้ำเก่ง
経験,けいけんする,experience,JLPT JLPT_N4,f+zL`Y7buD,"ประสบการณ์, ความชำนาญ, บทเรียน, ประสบการณ์ตรง",いい経験でした。,เป็นประสบการณ์ที่ดี
勝つ,かつ,to win,JLPT JLPT_N4,vi?&`a{.eH,"เพื่อชัยชนะ, ชนะ, ได้รับชัยชนะ, เอาชนะ",試合に勝ちました。,ฉันชนะการแข่งขัน
砂,すな,sand,JLPT JLPT_N4,"v^,Hr#Vg!e","ทราย, หาดทราย, เม็ดทราย, ดินทราย",砂浜を歩きます。,ฉันจะเดินบนชายหาดทราย
警察,けいさつ,police; police station,Genki Genki_Ln.21 JLPT JLPT_N4,Cqbq5lE;g6,"ตำรวจ; สถานีตำรวจ, เจ้าหน้าที่ตำรวจ, กรมตำรวจ, สน.",警察に電話します。,ฉันจะโทรแจ้งตำรวจ
取り替える,とりかえる,"to exchange, to replace",JLPT JLPT_N4,fAPL%{p!|p,"แลกเปลี่ยน, แทนที่, แลกเปลี่ยนกัน, ทดแทน",電池を取り替えます。,ฉันจะเปลี่ยนแบตเตอรี่
急ぐ,いそぐ,"to hurry, to be in a hurry, to rush",Genki Genki_Ln.6 Intermediate_Japanese_Ln.2 JLPT JLPT_N4,C+o)~b82kd,"รีบร้อน, กำลังรีบร้อน, รีบเร่ง, เร่งรีบ",急がないでください。,กรุณาอย่ารีบร้อน
簡単,かんたん,simple,JLPT JLPT_N4,oG^L}3iGdF,"เรียบง่าย, ไม่ซับซ้อน, ง่ายดาย, ตรงไปตรงมา",これは簡単です。,นี่ง่าย
参る,まいる,humble expression for 行く and 来る,Genki Genki_Ln.20 Intermediate_Japanese_Ln.6 JLPT JLPT_N4,dY_fG(MyTI,"สำนวนที่ถ่อมตัวสำหรับ行く และ 来ル, เดินทางไป, เดินทางมา, เข้าพบ",先生のお宅に参ります。,ฉันจะไปบ้านของคุณครู
全然,ぜんぜん,"not at all; wholly, entirely",JLPT JLPT_N4,iJGs=<smMr,"ไม่เลย โดยสิ้นเชิง อย่างสมบูรณ์, ไม่ได้เลย, โดยทั้งหมด, ทั้งสิ้น",全然分かりません。,ฉันไม่เข้าใจเลย
特別,とくべつ,special,JLPT JLPT_N4,w*:rZ|MXHf,"พิเศษ, เฉพาะ, เป็นพิเศษ, โดดเด่น",これは特別の味です。,นี่เป็นรสชาติพิเศษ
復習,ふくしゅう,"review (of lessons), revision",JLPT JLPT_N4,O40vK?08(g,"การทบทวน (บทเรียน) การแก้ไข, ทบทวน, ตรวจสอบ, ปรับปรุง",復習をします。,ฉันจะทบทวนบทเรียน
間に合う,まにあう,to be in time for,JLPT JLPT_N4,l3xWb^IMb,"เพื่อให้ทันเวลา, ทันเวลา, มาทัน, ตรงเวลา",間に合いました。,ฉันมาทันเวลา
役に立つ,やくにたつ,"to be helpful, to be useful",Intermediate_Japanese_Ln.4 JLPT JLPT_N4,Bodoj{2=?#,"เพื่อช่วยเหลือ เพื่อให้เกิดประโยชน์, มีประโยชน์, เป็นประโยชน์, อำนวยประโยชน์",これは役に立ちます。,นี่มีประโยชน์
もうすぐ,もうすぐ,very soon; in a few moments; days,Genki Genki_Ln.12 JLPT JLPT_N4,cr{2h{c->,"อีกไม่นาน; อีกไม่กี่นาที; อีกไม่กี่วัน, ในไม่ช้า, อีกหน่อย, เร็วๆ นี้",もうすぐ春です。,ฤดูใบไม้ผลิกำลังจะมาถึงในไม่ช้า
真中,まんなか,"middle, center",JLPT JLPT_N4,R5Bu:`G<@,"กลาง, ศูนย์กลาง, ใจกลาง, ตรงกลาง",真ん中に座ります。,ฉันจะนั่งตรงกลาง
戻る,もどる,to return (v.i.); to come back,Genki Genki_Ln.20 Intermediate_Japanese_Ln.8 JLPT JLPT_N4,g9-rOAl2<k,"กลับมา (กริยา); กลับมาอีกครั้ง, ย้อนกลับ, คืนกลับ, หวนคืน",家に帰ります。,ฉันจะกลับบ้าน
研究,けんきゅう,"study, research, investigation",JLPT JLPT_N4,"r,JjBHrK!8","การศึกษา การวิจัย การสืบสวน, ค้นคว้า, วิจัย, สำรวจ",研究をします。,ฉันจะทำการวิจัย
ケーキ,ケーキ,cake,Genki Genki_Ln.13 JLPT JLPT_N4,iADgmRoi>q,"เค้ก, ขนมเค้ก, ของหวาน, เบเกอรี่",ケーキを食べます。,ฉันจะกินเค้ก
草,くさ,grass,JLPT JLPT_N4,CRSs:E15FF,"หญ้า, ทุ่งหญ้า, ใบหญ้า, สนามหญ้า",草が茂っています。,หญ้าขึ้นรก
込む,こむ,to be crowded,JLPT JLPT_N4,C3zU]</XPv,"แออัด, เบียดเสียด, หนาแน่น, ยัดเยียด",人が混んでいます。,คนเยอะมาก
この頃,このごろ,"these days, nowadays",Genki Genki_Ln.10 JLPT JLPT_N4,F2eeT8$KYX,"ทุกวันนี้, ปัจจุบันนี้, สมัยนี้, เดี๋ยวนี้",この頃、忙しいです。,ช่วงนี้ฉันยุ่ง
訪ねる,たずねる,to visit,JLPT JLPT_N4,l{^{>8a$f>,"เพื่อเยี่ยมชม, ไปเยี่ยม, แวะเยี่ยม, ไปหา",友達を訪ねます。,ฉันจะไปเยี่ยมเพื่อน
下げる,さげる,to lower (v.t.); to hang,Intermediate_Japanese_Ln.2 JLPT JLPT_N4,mC:cy`3AnB,"ลดลง (กริยา); แขวน, ห้อย, หย่อน, ลดระดับ",音を下げてください。,กรุณาลดเสียงลง
花見,はなみ,cherry-blossom viewing,JLPT JLPT_N4,ulvW_e[_zQ,"การชมดอกซากุระ, ดูซากุระ, เทศกาลดอกซากุระ, ชมดอกไม้",花見に行きます。,ฉันจะไปชมดอกซากุระ
途中,とちゅう,"on the way, midway",JLPT JLPT_N4,"qP[3T,bvTy","ระหว่างทาง, กลางทาง, ระหว่างเดินทาง, ครึ่งทาง",途中で休憩します。,ฉันจะพักระหว่างทาง
入院,にゅういんする,hospitalization,JLPT JLPT_N4,iB?^g:!ksb,"การเข้ารักษาในโรงพยาบาล, เข้าโรงพยาบาล, นอนโรงพยาบาล, แอดมิท",明日入院します。,ฉันจะเข้าโรงพยาบาลพรุ่งนี้
乗り換える,のりかえる,"to transfer (trains), to change (bus, train, etc.)",JLPT JLPT_N4,Fu#~2.ajY<,"การเปลี่ยนขบวน (รถไฟ), การเปลี่ยนรถ (รถบัส, รถไฟ ฯลฯ), ต่อรถ",電車を乗り換えます。,ฉันจะเปลี่ยนรถไฟ
別れる,わかれる,"to part from, to separate",JLPT JLPT_N4,ova[fXA&]m,"แยกจากกัน, แยกออกจากกัน, ห่างกัน, จากกัน",友達と別れます。,ฉันจะแยกจากเพื่อน
～町,～ちょう,the town of ~,JLPT JLPT_N4,"mf84}],`T,","เมือง ~, อำเภอ, ตำบล, เทศบาล",この町はきれいです。,เมืองนี้สวย
安全,あんぜん,"safety, security",JLPT JLPT_N4,x>KuTt~>`B,"ความปลอดภัย การรักษาความปลอดภัย, ปลอดภัย, มั่นคง, การป้องกัน",安全な場所です。,เป็นสถานที่ที่ปลอดภัย
看護婦,かんごふ,(female) nurse,JLPT JLPT_N4,Mvt??7-[{v,"พยาบาล (หญิง), นางพยาบาล, คุณพยาบาล, ผู้ช่วยพยาบาล",看護婦さんがいます。,มีพยาบาลอยู่
見物,けんぶつ,sightseeing,JLPT JLPT_N4,z/6V9+.-]v,"เที่ยวชมสถานที่, เยี่ยมชม, ชมวิว, ทัศนาจร",京都を見物しました。,ฉันไปเที่ยวเกียวโตมา
相談,そうだんする,consultation,JLPT JLPT_N4,"h,~$1#Tmi]","การปรึกษาหารือ, ปรึกษา, ขอคำแนะนำ, ให้คำปรึกษา",先生に相談します。,ฉันจะปรึกษาคุณครู
ガソリンスタンド,ガソリンスタンド,"gas station, service station",JLPT JLPT_N4,NoACr|m()D,"ปั๊มน้ำมัน สถานีบริการน้ำมัน, ปั๊ม, ร้านน้ำมัน, จุดบริการน้ำมัน",ガソリンスタンドはどこですか。,ปั๊มน้ำมันอยู่ที่ไหนครับ/คะ
テニス,テニス,tennis,Genki Genki_Ln.3 JLPT JLPT_N4,Bm|4X!fT~f,"เทนนิส, กีฬาเทนนิส, สนามเทนนิส, การตีเทนนิส",テニスをします。,ฉันจะเล่นเทนนิส
眠る,ねむる,to sleep,JLPT JLPT_N4,H2kKiMD`}M,"นอนหลับ, หลับ, พักผ่อน, งีบหลับ",子供が眠っています。,เด็กกำลังนอนหลับ
上がる,あがる,"to rise, to go up",JLPT JLPT_N4,cvVez@U$xD,"ขึ้น, ขึ้นไป, สูงขึ้น, เพิ่มขึ้น",階段を上がります。,ฉันจะขึ้นบันได
翻訳,ほんやく,translation,Intermediate_Japanese_Ln.8 JLPT JLPT_N4,q5u{4?O6M1,"การแปล, แปล, ถอดความ, ล่าม",翻訳をします。,ฉันจะแปล
食事,しょくじする,meal,JLPT JLPT_N4,K<!4=Wx(&),"มื้อ, อาหาร, มื้ออาหาร, สำรับ",昼食を食べます。,ฉันจะกินมื้อกลางวัน
お陰,おかげ,thanks or owing to,JLPT JLPT_N4,y:GH2MLVp!,"ขอบคุณหรือเนื่องด้วย, ด้วยความอนุเคราะห์, เพราะ, เป็นบุญคุณ",先生のお陰で、合格しました。,ฉันสอบผ่านได้เพราะคุณครู
娘,むすめ,daughter (humble),JLPT JLPT_N4,D>Uc.0t(Pv,"ลูกสาว (ถ่อมตน), บุตรสาว, ธิดา, ลูกหญิง",これは娘の絵です。,นี่คือภาพวาดของลูกสาวฉัน
湯,ゆ,hot water,JLPT JLPT_N4,qZk(zY%Dgg,"น้ำร้อน, น้ำเดือด, น้ำอุ่น, น้ำต้ม",お湯を沸かします。,ฉันจะต้มน้ำร้อน
競争,きょうそう,"competition, contest",JLPT JLPT_N4,G%KC6%zs?X,"การแข่งขัน, การประกวด, แข่งขัน, ชิงชัย",競争が激しいです。,การแข่งขันดุเดือด
会議,かいぎ,business meeting; conference,Genki Genki_Ln.21 JLPT JLPT_N4,O^:<Y%-[JT,"การประชุมทางธุรกิจ; การประชุม, ประชุม, สัมมนา, อภิปราย",会議を始めます。,เราจะเริ่มประชุม
湖,みずうみ,lake,Genki Genki_Ln.11 Intermediate_Japanese_Ln.4 JLPT JLPT_N4,pP3.DL~IX-,"ทะเลสาบ, บึง, หนองน้ำ, อ่างเก็บน้ำ",湖がきれいです。,ทะเลสาบสวยงาม
集まる,あつまる,"to gather (v.i.), to collect",Intermediate_Japanese_Ln.7 JLPT JLPT_N4,dj|VykRm7g,"รวบรวม (กริยาไม่ต้องการกรรม), เก็บสะสม, รวม, สะสม",人が集まります。,ผู้คนรวมตัวกัน
～にくい,～にくい,difficult to do ~,JLPT JLPT_N4,m7`CbDBUYU,"ยากที่จะทำ ~, ทำยาก, ลำบากที่จะทำ, ฝืนทำ",これは食べにくいです。,นี่กินยาก
生活,せいかつする,"living, life; to live",JLPT JLPT_N4,w`Fz_<nW/g,"การดำรงชีวิต; การมีชีวิตอยู่, ชีวิต, การเป็นอยู่, การใช้ชีวิต",生活が楽しいです。,ชีวิตมีความสุข
糸,いと,thread,JLPT JLPT_N4,IpR-(E.>}{,"ด้าย, ไหม, เส้นด้าย, เชือกเส้นเล็ก",糸で縫います。,เย็บด้วยด้าย
関係,かんけい,"relation(ship), connection",JLPT JLPT_N4,A95yiv24#q,"ความสัมพันธ์ การเชื่อมต่อ, ความเกี่ยวพัน, การเกี่ยวข้อง, การผูกพัน",二人の関係がいいです。,ความสัมพันธ์ของทั้งสองคนดี
ピアノ,ピアノ,piano,Genki Genki_Ln.9 JLPT JLPT_N4,l~WqV~#3P+,"เปียโน, เปียโนอัพไรท์, เปียโนไฟฟ้า, เปียโนแกรนด์",ピアノを弾きます。,ฉันเล่นเปียโน
～目,～め,"number ~ sequence, ~nd; ~th",JLPT JLPT_N4,E~pd/+U#PU,"หมายเลข ~ ลำดับ, ~nd; ~th, ลำดับที่, อันดับที่",これは二番目の部屋です。,นี่คือห้องที่สอง
番組,ばんぐみ,broadcast program,Genki Genki_Ln.15 JLPT JLPT_N4,A~P5;`m>{J,"รายการออกอากาศ, รายการโทรทัศน์, รายการวิทยุ, รายการแพร่ภาพ",面白い番組です。,เป็นรายการที่น่าสนใจ
急,きゅう,"urgent, sudden; steep",JLPT JLPT_N4,tI;p#VWdsZ,"เร่งด่วน ฉับพลัน สูงชัน, ด่วน, กะทันหัน, ชัน",急いでください。,กรุณารีบหน่อย
棚,たな,"shelves, rack",JLPT JLPT_N4,u[EB{0+w?@,"ชั้นวางของ, ราวแขวน, หิ้ง, ตะแกรง",棚に本があります。,มีหนังสืออยู่บนชั้น
木綿,もめん,cotton,JLPT JLPT_N4,C1;C=MJBjh,"ฝ้าย, ผ้าฝ้าย, นุ่น, ปุยฝ้าย",綿の服が好きです。,ฉันชอบเสื้อผ้าฝ้าย
輸出,ゆしゅつする,export,JLPT JLPT_N4,tgSB[Csamk,"ส่งออก, การส่งออก, นำออก, ขายต่างประเทศ",車を輸出します。,ส่งออกรถยนต์
タイプ,タイプ,"type, style",JLPT JLPT_N4,GKLj7~1p[w,"ประเภท, สไตล์, ชนิด, แบบ",これは私のタイプです。,นี่คือสไตล์ของฉัน
すり,すり,pickpocket,JLPT JLPT_N4,"LZR2]zL[V,","นักล้วงกระเป๋า, มิจฉาชีพ, ขโมยกระเป๋า, มือเบา",すりに注意してください。,ระวังนักล้วงกระเป๋าด้วย
嬉しい,うれしい,to be happy; to be glad,Genki Genki_Ln.13 JLPT JLPT_N4,"d;<k5,X?rJ","มีความสุข; ดีใจ, สุขใจ, ปลื้มปิติ, เบิกบาน",嬉しいです。,ฉันดีใจ
アルコール,アルコール,alcohol,JLPT JLPT_N4,g3}Or~C[qU,"แอลกอฮอล์, สุรา, เครื่องดื่มแอลกอฮอล์, น้ำเมา",アルコールはあまり飲みません。,ฉันไม่ค่อยดื่มแอลกอฮอล์
ソフト,ソフト,soft; soft hat; software,JLPT JLPT_N4,D1{]Y{P=2b,"นุ่ม; หมวกนุ่ม; ซอฟต์แวร์, อ่อน, ละมุน, โปรแกรม",ソフトな生地です。,เป็นเนื้อผ้าที่นุ่ม
神社,じんじゃ,Shinto shrine,JLPT JLPT_N4,"p-k,[(f(jy","ศาลเจ้าชินโต, วิหารชินโต, เทวสถานชินโต, ศาลเจ้าญี่ปุ่น",神社へ行きます。,ฉันจะไปศาลเจ้า
大分,だいぶ,"fairly well, to a large extent, considerably, pretty much",Intermediate_Japanese_Ln.4 JLPT JLPT_N4,F=YkB>ku|#,"ค่อนข้างดี ในระดับมาก อย่างมาก เกือบทั้งหมด, พอสมควร, ส่วนใหญ่, มากทีเดียว",大分元気になりました。,ดีขึ้นมากแล้ว
楽しみ,たのしみ,"pleasure, joy",JLPT JLPT_N4,bsnv=TM#%{,"ความสุข ความปิติ, ความเพลิดเพลิน, ความรื่นรมย์, ความสำราญ",旅行が楽しみです。,ฉันตั้งตารอการเดินทาง
趣味,しゅみ,hobby; pastime,Genki Genki_Ln.20 JLPT JLPT_N4,NkyAEs05(h,"งานอดิเรก; กิจกรรมยามว่าง, งานว่าง, การพักผ่อน, ความบันเทิง",私の趣味は読書です。,งานอดิเรกของฉันคือการอ่านหนังสือ
電報,でんぽう,telegram,JLPT JLPT_N4,d~+A[2;3vQ,"โทรเลข, ข่าวสารไฟฟ้า, สารเร่งด่วน, ข้อความด่วน",電報を送ります。,ฉันจะส่งโทรเลข
家内,かない,(one's own) wife,Intermediate_Japanese_Ln.7 JLPT JLPT_N4,JMHIMXzaOu,"ภรรยาของตนเอง, ภรรยา, เมีย, คู่ชีวิต",家内が作りました。,ภรรยาของฉันเป็นคนทำ
指,ゆび,finger,JLPT JLPT_N4,mOnb%$R^21,"นิ้ว, ปลายนิ้ว, นิ้วมือ, ส่วนนิ้ว",指が痛いです。,นิ้วเจ็บ
これから,これから,"from now on, after this",JLPT JLPT_N4,xyC3_bE-{d,"นับจากนี้เป็นต้นไป หลังจากนี้, ต่อจากนี้, ตั้งแต่นี้, นับจากบัดนี้",これから勉強します。,จากนี้ไปฉันจะเรียน
たまに,たまに,occasionally,JLPT JLPT_N4,Op~e1|~DMP,"เป็นครั้งคราว, บางครั้ง, บางที, นานๆครั้ง",たまに映画を見ます。,นานๆครั้งฉันจะดูหนัง
社会,しゃかい,society,JLPT JLPT_N4,br3q(Z|Zbk,"สังคม, ชุมชน, สังคมมนุษย์, กลุ่มคน",社会のために働きます。,ฉันทำงานเพื่อสังคม
